driverId,driverName,image,raceName,racePoints,cumulativePoints,raceDate,raceLatitude,raceLongitude
alonso,Fernando Alonso,https://www.driverdb.com/_next/image?url=https%3A%2F%2Fassets.driverdb.com%2Fdrivers%2Fprofile%2F10_360d54b27fc33a0b352f.jpg&w=256&q=75,Australian GP,6.0,6.0,2005-03-06,-37.8497,144.968
alonso,Fernando Alonso,https://www.driverdb.com/_next/image?url=https%3A%2F%2Fassets.driverdb.com%2Fdrivers%2Fprofile%2F10_360d54b27fc33a0b352f.jpg&w=256&q=75,Malaysian GP,10.0,16.0,2005-03-20,2.76083,101.738
alonso,Fernando Alonso,https://www.driverdb.com/_next/image?url=https%3A%2F%2Fassets.driverdb.com%2Fdrivers%2Fprofile%2F10_360d54b27fc33a0b352f.jpg&w=256&q=75,Bahrain GP,10.0,26.0,2005-04-03,26.0325,50.5106
alonso,Fernando Alonso,https://www.driverdb.com/_next/image?url=https%3A%2F%2Fassets.driverdb.com%2Fdrivers%2Fprofile%2F10_360d54b27fc33a0b352f.jpg&w=256&q=75,San Marino GP,10.0,36.0,2005-04-24,44.3439,11.7167
alonso,Fernando Alonso,https://www.driverdb.com/_next/image?url=https%3A%2F%2Fassets.driverdb.com%2Fdrivers%2Fprofile%2F10_360d54b27fc33a0b352f.jpg&w=256&q=75,Spanish GP,8.0,44.0,2005-05-08,41.57,2.26111
alonso,Fernando Alonso,https://www.driverdb.com/_next/image?url=https%3A%2F%2Fassets.driverdb.com%2Fdrivers%2Fprofile%2F10_360d54b27fc33a0b352f.jpg&w=256&q=75,Monaco GP,5.0,49.0,2005-05-22,43.7347,7.42056
alonso,Fernando Alonso,https://www.driverdb.com/_next/image?url=https%3A%2F%2Fassets.driverdb.com%2Fdrivers%2Fprofile%2F10_360d54b27fc33a0b352f.jpg&w=256&q=75,European GP,10.0,59.0,2005-05-29,50.3356,6.9475
alonso,Fernando Alonso,https://www.driverdb.com/_next/image?url=https%3A%2F%2Fassets.driverdb.com%2Fdrivers%2Fprofile%2F10_360d54b27fc33a0b352f.jpg&w=256&q=75,Canadian GP,0.0,59.0,2005-06-12,45.5,-73.5228
alonso,Fernando Alonso,https://www.driverdb.com/_next/image?url=https%3A%2F%2Fassets.driverdb.com%2Fdrivers%2Fprofile%2F10_360d54b27fc33a0b352f.jpg&w=256&q=75,United States GP,0.0,59.0,2005-06-19,39.795,-86.2347
alonso,Fernando Alonso,https://www.driverdb.com/_next/image?url=https%3A%2F%2Fassets.driverdb.com%2Fdrivers%2Fprofile%2F10_360d54b27fc33a0b352f.jpg&w=256&q=75,French GP,10.0,69.0,2005-07-03,46.8642,3.16361
alonso,Fernando Alonso,https://www.driverdb.com/_next/image?url=https%3A%2F%2Fassets.driverdb.com%2Fdrivers%2Fprofile%2F10_360d54b27fc33a0b352f.jpg&w=256&q=75,British GP,8.0,77.0,2005-07-10,52.0786,-1.01694
alonso,Fernando Alonso,https://www.driverdb.com/_next/image?url=https%3A%2F%2Fassets.driverdb.com%2Fdrivers%2Fprofile%2F10_360d54b27fc33a0b352f.jpg&w=256&q=75,German GP,10.0,87.0,2005-07-24,49.3278,8.56583
alonso,Fernando Alonso,https://www.driverdb.com/_next/image?url=https%3A%2F%2Fassets.driverdb.com%2Fdrivers%2Fprofile%2F10_360d54b27fc33a0b352f.jpg&w=256&q=75,Hungarian GP,0.0,87.0,2005-07-31,47.5789,19.2486
alonso,Fernando Alonso,https://www.driverdb.com/_next/image?url=https%3A%2F%2Fassets.driverdb.com%2Fdrivers%2Fprofile%2F10_360d54b27fc33a0b352f.jpg&w=256&q=75,Turkish GP,8.0,95.0,2005-08-21,40.9517,29.405
alonso,Fernando Alonso,https://www.driverdb.com/_next/image?url=https%3A%2F%2Fassets.driverdb.com%2Fdrivers%2Fprofile%2F10_360d54b27fc33a0b352f.jpg&w=256&q=75,Italian GP,8.0,103.0,2005-09-04,45.6156,9.28111
alonso,Fernando Alonso,https://www.driverdb.com/_next/image?url=https%3A%2F%2Fassets.driverdb.com%2Fdrivers%2Fprofile%2F10_360d54b27fc33a0b352f.jpg&w=256&q=75,Belgian GP,8.0,111.0,2005-09-11,50.4372,5.97139
alonso,Fernando Alonso,https://www.driverdb.com/_next/image?url=https%3A%2F%2Fassets.driverdb.com%2Fdrivers%2Fprofile%2F10_360d54b27fc33a0b352f.jpg&w=256&q=75,Brazilian GP,6.0,117.0,2005-09-25,-23.7036,-46.6997
alonso,Fernando Alonso,https://www.driverdb.com/_next/image?url=https%3A%2F%2Fassets.driverdb.com%2Fdrivers%2Fprofile%2F10_360d54b27fc33a0b352f.jpg&w=256&q=75,Japanese GP,6.0,123.0,2005-10-09,34.8431,136.541
alonso,Fernando Alonso,https://www.driverdb.com/_next/image?url=https%3A%2F%2Fassets.driverdb.com%2Fdrivers%2Fprofile%2F10_360d54b27fc33a0b352f.jpg&w=256&q=75,Chinese GP,10.0,133.0,2005-10-16,31.3389,121.22
raikkonen,Kimi Räikkönen,https://www.driverdb.com/_next/image?url=https%3A%2F%2Fassets.driverdb.com%2Fdrivers%2Fprofile%2F8_feaf0ac16477c2ba6b54.jpg&w=256&q=75,Australian GP,1.0,1.0,2005-03-06,-37.8497,144.968
raikkonen,Kimi Räikkönen,https://www.driverdb.com/_next/image?url=https%3A%2F%2Fassets.driverdb.com%2Fdrivers%2Fprofile%2F8_feaf0ac16477c2ba6b54.jpg&w=256&q=75,Malaysian GP,0.0,1.0,2005-03-20,2.76083,101.738
raikkonen,Kimi Räikkönen,https://www.driverdb.com/_next/image?url=https%3A%2F%2Fassets.driverdb.com%2Fdrivers%2Fprofile%2F8_feaf0ac16477c2ba6b54.jpg&w=256&q=75,Bahrain GP,6.0,7.0,2005-04-03,26.0325,50.5106
raikkonen,Kimi Räikkönen,https://www.driverdb.com/_next/image?url=https%3A%2F%2Fassets.driverdb.com%2Fdrivers%2Fprofile%2F8_feaf0ac16477c2ba6b54.jpg&w=256&q=75,San Marino GP,0.0,7.0,2005-04-24,44.3439,11.7167
raikkonen,Kimi Räikkönen,https://www.driverdb.com/_next/image?url=https%3A%2F%2Fassets.driverdb.com%2Fdrivers%2Fprofile%2F8_feaf0ac16477c2ba6b54.jpg&w=256&q=75,Spanish GP,10.0,17.0,2005-05-08,41.57,2.26111
raikkonen,Kimi Räikkönen,https://www.driverdb.com/_next/image?url=https%3A%2F%2Fassets.driverdb.com%2Fdrivers%2Fprofile%2F8_feaf0ac16477c2ba6b54.jpg&w=256&q=75,Monaco GP,10.0,27.0,2005-05-22,43.7347,7.42056
raikkonen,Kimi Räikkönen,https://www.driverdb.com/_next/image?url=https%3A%2F%2Fassets.driverdb.com%2Fdrivers%2Fprofile%2F8_feaf0ac16477c2ba6b54.jpg&w=256&q=75,European GP,0.0,27.0,2005-05-29,50.3356,6.9475
raikkonen,Kimi Räikkönen,https://www.driverdb.com/_next/image?url=https%3A%2F%2Fassets.driverdb.com%2Fdrivers%2Fprofile%2F8_feaf0ac16477c2ba6b54.jpg&w=256&q=75,Canadian GP,10.0,37.0,2005-06-12,45.5,-73.5228
raikkonen,Kimi Räikkönen,https://www.driverdb.com/_next/image?url=https%3A%2F%2Fassets.driverdb.com%2Fdrivers%2Fprofile%2F8_feaf0ac16477c2ba6b54.jpg&w=256&q=75,United States GP,0.0,37.0,2005-06-19,39.795,-86.2347
raikkonen,Kimi Räikkönen,https://www.driverdb.com/_next/image?url=https%3A%2F%2Fassets.driverdb.com%2Fdrivers%2Fprofile%2F8_feaf0ac16477c2ba6b54.jpg&w=256&q=75,French GP,8.0,45.0,2005-07-03,46.8642,3.16361
raikkonen,Kimi Räikkönen,https://www.driverdb.com/_next/image?url=https%3A%2F%2Fassets.driverdb.com%2Fdrivers%2Fprofile%2F8_feaf0ac16477c2ba6b54.jpg&w=256&q=75,British GP,6.0,51.0,2005-07-10,52.0786,-1.01694
raikkonen,Kimi Räikkönen,https://www.driverdb.com/_next/image?url=https%3A%2F%2Fassets.driverdb.com%2Fdrivers%2Fprofile%2F8_feaf0ac16477c2ba6b54.jpg&w=256&q=75,German GP,0.0,51.0,2005-07-24,49.3278,8.56583
raikkonen,Kimi Räikkönen,https://www.driverdb.com/_next/image?url=https%3A%2F%2Fassets.driverdb.com%2Fdrivers%2Fprofile%2F8_feaf0ac16477c2ba6b54.jpg&w=256&q=75,Hungarian GP,10.0,61.0,2005-07-31,47.5789,19.2486
raikkonen,Kimi Räikkönen,https://www.driverdb.com/_next/image?url=https%3A%2F%2Fassets.driverdb.com%2Fdrivers%2Fprofile%2F8_feaf0ac16477c2ba6b54.jpg&w=256&q=75,Turkish GP,10.0,71.0,2005-08-21,40.9517,29.405
raikkonen,Kimi Räikkönen,https://www.driverdb.com/_next/image?url=https%3A%2F%2Fassets.driverdb.com%2Fdrivers%2Fprofile%2F8_feaf0ac16477c2ba6b54.jpg&w=256&q=75,Italian GP,5.0,76.0,2005-09-04,45.6156,9.28111
raikkonen,Kimi Räikkönen,https://www.driverdb.com/_next/image?url=https%3A%2F%2Fassets.driverdb.com%2Fdrivers%2Fprofile%2F8_feaf0ac16477c2ba6b54.jpg&w=256&q=75,Belgian GP,10.0,86.0,2005-09-11,50.4372,5.97139
raikkonen,Kimi Räikkönen,https://www.driverdb.com/_next/image?url=https%3A%2F%2Fassets.driverdb.com%2Fdrivers%2Fprofile%2F8_feaf0ac16477c2ba6b54.jpg&w=256&q=75,Brazilian GP,8.0,94.0,2005-09-25,-23.7036,-46.6997
raikkonen,Kimi Räikkönen,https://www.driverdb.com/_next/image?url=https%3A%2F%2Fassets.driverdb.com%2Fdrivers%2Fprofile%2F8_feaf0ac16477c2ba6b54.jpg&w=256&q=75,Japanese GP,10.0,104.0,2005-10-09,34.8431,136.541
raikkonen,Kimi Räikkönen,https://www.driverdb.com/_next/image?url=https%3A%2F%2Fassets.driverdb.com%2Fdrivers%2Fprofile%2F8_feaf0ac16477c2ba6b54.jpg&w=256&q=75,Chinese GP,8.0,112.0,2005-10-16,31.3389,121.22
michael_schumacher,Michael Schumacher,https://images.motorsportstats.com/large/driverProfilePicture/driverProfilePicture-123454ba-2589-461e-8e95-4998f17c7baf.jpg,Australian GP,0.0,0.0,2005-03-06,-37.8497,144.968
michael_schumacher,Michael Schumacher,https://images.motorsportstats.com/large/driverProfilePicture/driverProfilePicture-123454ba-2589-461e-8e95-4998f17c7baf.jpg,Malaysian GP,2.0,2.0,2005-03-20,2.76083,101.738
michael_schumacher,Michael Schumacher,https://images.motorsportstats.com/large/driverProfilePicture/driverProfilePicture-123454ba-2589-461e-8e95-4998f17c7baf.jpg,Bahrain GP,0.0,2.0,2005-04-03,26.0325,50.5106
michael_schumacher,Michael Schumacher,https://images.motorsportstats.com/large/driverProfilePicture/driverProfilePicture-123454ba-2589-461e-8e95-4998f17c7baf.jpg,San Marino GP,8.0,10.0,2005-04-24,44.3439,11.7167
michael_schumacher,Michael Schumacher,https://images.motorsportstats.com/large/driverProfilePicture/driverProfilePicture-123454ba-2589-461e-8e95-4998f17c7baf.jpg,Spanish GP,0.0,10.0,2005-05-08,41.57,2.26111
michael_schumacher,Michael Schumacher,https://images.motorsportstats.com/large/driverProfilePicture/driverProfilePicture-123454ba-2589-461e-8e95-4998f17c7baf.jpg,Monaco GP,2.0,12.0,2005-05-22,43.7347,7.42056
michael_schumacher,Michael Schumacher,https://images.motorsportstats.com/large/driverProfilePicture/driverProfilePicture-123454ba-2589-461e-8e95-4998f17c7baf.jpg,European GP,4.0,16.0,2005-05-29,50.3356,6.9475
michael_schumacher,Michael Schumacher,https://images.motorsportstats.com/large/driverProfilePicture/driverProfilePicture-123454ba-2589-461e-8e95-4998f17c7baf.jpg,Canadian GP,8.0,24.0,2005-06-12,45.5,-73.5228
michael_schumacher,Michael Schumacher,https://images.motorsportstats.com/large/driverProfilePicture/driverProfilePicture-123454ba-2589-461e-8e95-4998f17c7baf.jpg,United States GP,10.0,34.0,2005-06-19,39.795,-86.2347
michael_schumacher,Michael Schumacher,https://images.motorsportstats.com/large/driverProfilePicture/driverProfilePicture-123454ba-2589-461e-8e95-4998f17c7baf.jpg,French GP,6.0,40.0,2005-07-03,46.8642,3.16361
michael_schumacher,Michael Schumacher,https://images.motorsportstats.com/large/driverProfilePicture/driverProfilePicture-123454ba-2589-461e-8e95-4998f17c7baf.jpg,British GP,3.0,43.0,2005-07-10,52.0786,-1.01694
michael_schumacher,Michael Schumacher,https://images.motorsportstats.com/large/driverProfilePicture/driverProfilePicture-123454ba-2589-461e-8e95-4998f17c7baf.jpg,German GP,4.0,47.0,2005-07-24,49.3278,8.56583
michael_schumacher,Michael Schumacher,https://images.motorsportstats.com/large/driverProfilePicture/driverProfilePicture-123454ba-2589-461e-8e95-4998f17c7baf.jpg,Hungarian GP,8.0,55.0,2005-07-31,47.5789,19.2486
michael_schumacher,Michael Schumacher,https://images.motorsportstats.com/large/driverProfilePicture/driverProfilePicture-123454ba-2589-461e-8e95-4998f17c7baf.jpg,Turkish GP,0.0,55.0,2005-08-21,40.9517,29.405
michael_schumacher,Michael Schumacher,https://images.motorsportstats.com/large/driverProfilePicture/driverProfilePicture-123454ba-2589-461e-8e95-4998f17c7baf.jpg,Italian GP,0.0,55.0,2005-09-04,45.6156,9.28111
michael_schumacher,Michael Schumacher,https://images.motorsportstats.com/large/driverProfilePicture/driverProfilePicture-123454ba-2589-461e-8e95-4998f17c7baf.jpg,Belgian GP,0.0,55.0,2005-09-11,50.4372,5.97139
michael_schumacher,Michael Schumacher,https://images.motorsportstats.com/large/driverProfilePicture/driverProfilePicture-123454ba-2589-461e-8e95-4998f17c7baf.jpg,Brazilian GP,5.0,60.0,2005-09-25,-23.7036,-46.6997
michael_schumacher,Michael Schumacher,https://images.motorsportstats.com/large/driverProfilePicture/driverProfilePicture-123454ba-2589-461e-8e95-4998f17c7baf.jpg,Japanese GP,2.0,62.0,2005-10-09,34.8431,136.541
michael_schumacher,Michael Schumacher,https://images.motorsportstats.com/large/driverProfilePicture/driverProfilePicture-123454ba-2589-461e-8e95-4998f17c7baf.jpg,Chinese GP,0.0,62.0,2005-10-16,31.3389,121.22
montoya,Juan Pablo Montoya,https://www.driverdb.com/_next/image?url=https%3A%2F%2Fassets.driverdb.com%2Fdrivers%2Fprofile%2F3_4920e25c1179e8cb4151.jpg&w=256&q=75,Australian GP,3.0,3.0,2005-03-06,-37.8497,144.968
montoya,Juan Pablo Montoya,https://www.driverdb.com/_next/image?url=https%3A%2F%2Fassets.driverdb.com%2Fdrivers%2Fprofile%2F3_4920e25c1179e8cb4151.jpg&w=256&q=75,Malaysian GP,5.0,8.0,2005-03-20,2.76083,101.738
montoya,Juan Pablo Montoya,https://www.driverdb.com/_next/image?url=https%3A%2F%2Fassets.driverdb.com%2Fdrivers%2Fprofile%2F3_4920e25c1179e8cb4151.jpg&w=256&q=75,Spanish GP,2.0,10.0,2005-05-08,41.57,2.26111
montoya,Juan Pablo Montoya,https://www.driverdb.com/_next/image?url=https%3A%2F%2Fassets.driverdb.com%2Fdrivers%2Fprofile%2F3_4920e25c1179e8cb4151.jpg&w=256&q=75,Monaco GP,4.0,14.0,2005-05-22,43.7347,7.42056
montoya,Juan Pablo Montoya,https://www.driverdb.com/_next/image?url=https%3A%2F%2Fassets.driverdb.com%2Fdrivers%2Fprofile%2F3_4920e25c1179e8cb4151.jpg&w=256&q=75,European GP,2.0,16.0,2005-05-29,50.3356,6.9475
montoya,Juan Pablo Montoya,https://www.driverdb.com/_next/image?url=https%3A%2F%2Fassets.driverdb.com%2Fdrivers%2Fprofile%2F3_4920e25c1179e8cb4151.jpg&w=256&q=75,Canadian GP,0.0,16.0,2005-06-12,45.5,-73.5228
montoya,Juan Pablo Montoya,https://www.driverdb.com/_next/image?url=https%3A%2F%2Fassets.driverdb.com%2Fdrivers%2Fprofile%2F3_4920e25c1179e8cb4151.jpg&w=256&q=75,United States GP,0.0,16.0,2005-06-19,39.795,-86.2347
montoya,Juan Pablo Montoya,https://www.driverdb.com/_next/image?url=https%3A%2F%2Fassets.driverdb.com%2Fdrivers%2Fprofile%2F3_4920e25c1179e8cb4151.jpg&w=256&q=75,French GP,0.0,16.0,2005-07-03,46.8642,3.16361
montoya,Juan Pablo Montoya,https://www.driverdb.com/_next/image?url=https%3A%2F%2Fassets.driverdb.com%2Fdrivers%2Fprofile%2F3_4920e25c1179e8cb4151.jpg&w=256&q=75,British GP,10.0,26.0,2005-07-10,52.0786,-1.01694
montoya,Juan Pablo Montoya,https://www.driverdb.com/_next/image?url=https%3A%2F%2Fassets.driverdb.com%2Fdrivers%2Fprofile%2F3_4920e25c1179e8cb4151.jpg&w=256&q=75,German GP,8.0,34.0,2005-07-24,49.3278,8.56583
montoya,Juan Pablo Montoya,https://www.driverdb.com/_next/image?url=https%3A%2F%2Fassets.driverdb.com%2Fdrivers%2Fprofile%2F3_4920e25c1179e8cb4151.jpg&w=256&q=75,Hungarian GP,0.0,34.0,2005-07-31,47.5789,19.2486
montoya,Juan Pablo Montoya,https://www.driverdb.com/_next/image?url=https%3A%2F%2Fassets.driverdb.com%2Fdrivers%2Fprofile%2F3_4920e25c1179e8cb4151.jpg&w=256&q=75,Turkish GP,6.0,40.0,2005-08-21,40.9517,29.405
montoya,Juan Pablo Montoya,https://www.driverdb.com/_next/image?url=https%3A%2F%2Fassets.driverdb.com%2Fdrivers%2Fprofile%2F3_4920e25c1179e8cb4151.jpg&w=256&q=75,Italian GP,10.0,50.0,2005-09-04,45.6156,9.28111
montoya,Juan Pablo Montoya,https://www.driverdb.com/_next/image?url=https%3A%2F%2Fassets.driverdb.com%2Fdrivers%2Fprofile%2F3_4920e25c1179e8cb4151.jpg&w=256&q=75,Belgian GP,0.0,50.0,2005-09-11,50.4372,5.97139
montoya,Juan Pablo Montoya,https://www.driverdb.com/_next/image?url=https%3A%2F%2Fassets.driverdb.com%2Fdrivers%2Fprofile%2F3_4920e25c1179e8cb4151.jpg&w=256&q=75,Brazilian GP,10.0,60.0,2005-09-25,-23.7036,-46.6997
montoya,Juan Pablo Montoya,https://www.driverdb.com/_next/image?url=https%3A%2F%2Fassets.driverdb.com%2Fdrivers%2Fprofile%2F3_4920e25c1179e8cb4151.jpg&w=256&q=75,Japanese GP,0.0,60.0,2005-10-09,34.8431,136.541
montoya,Juan Pablo Montoya,https://www.driverdb.com/_next/image?url=https%3A%2F%2Fassets.driverdb.com%2Fdrivers%2Fprofile%2F3_4920e25c1179e8cb4151.jpg&w=256&q=75,Chinese GP,0.0,60.0,2005-10-16,31.3389,121.22
fisichella,Giancarlo Fisichella,https://www.driverdb.com/_next/image?url=https%3A%2F%2Fassets.driverdb.com%2Fdrivers%2Fprofile%2F13_fbda8a2efdd0b292f315.jpg&w=256&q=75,Australian GP,10.0,10.0,2005-03-06,-37.8497,144.968
fisichella,Giancarlo Fisichella,https://www.driverdb.com/_next/image?url=https%3A%2F%2Fassets.driverdb.com%2Fdrivers%2Fprofile%2F13_fbda8a2efdd0b292f315.jpg&w=256&q=75,Malaysian GP,0.0,10.0,2005-03-20,2.76083,101.738
fisichella,Giancarlo Fisichella,https://www.driverdb.com/_next/image?url=https%3A%2F%2Fassets.driverdb.com%2Fdrivers%2Fprofile%2F13_fbda8a2efdd0b292f315.jpg&w=256&q=75,Bahrain GP,0.0,10.0,2005-04-03,26.0325,50.5106
fisichella,Giancarlo Fisichella,https://www.driverdb.com/_next/image?url=https%3A%2F%2Fassets.driverdb.com%2Fdrivers%2Fprofile%2F13_fbda8a2efdd0b292f315.jpg&w=256&q=75,San Marino GP,0.0,10.0,2005-04-24,44.3439,11.7167
fisichella,Giancarlo Fisichella,https://www.driverdb.com/_next/image?url=https%3A%2F%2Fassets.driverdb.com%2Fdrivers%2Fprofile%2F13_fbda8a2efdd0b292f315.jpg&w=256&q=75,Spanish GP,4.0,14.0,2005-05-08,41.57,2.26111
fisichella,Giancarlo Fisichella,https://www.driverdb.com/_next/image?url=https%3A%2F%2Fassets.driverdb.com%2Fdrivers%2Fprofile%2F13_fbda8a2efdd0b292f315.jpg&w=256&q=75,Monaco GP,0.0,14.0,2005-05-22,43.7347,7.42056
fisichella,Giancarlo Fisichella,https://www.driverdb.com/_next/image?url=https%3A%2F%2Fassets.driverdb.com%2Fdrivers%2Fprofile%2F13_fbda8a2efdd0b292f315.jpg&w=256&q=75,European GP,3.0,17.0,2005-05-29,50.3356,6.9475
fisichella,Giancarlo Fisichella,https://www.driverdb.com/_next/image?url=https%3A%2F%2Fassets.driverdb.com%2Fdrivers%2Fprofile%2F13_fbda8a2efdd0b292f315.jpg&w=256&q=75,Canadian GP,0.0,17.0,2005-06-12,45.5,-73.5228
fisichella,Giancarlo Fisichella,https://www.driverdb.com/_next/image?url=https%3A%2F%2Fassets.driverdb.com%2Fdrivers%2Fprofile%2F13_fbda8a2efdd0b292f315.jpg&w=256&q=75,United States GP,0.0,17.0,2005-06-19,39.795,-86.2347
fisichella,Giancarlo Fisichella,https://www.driverdb.com/_next/image?url=https%3A%2F%2Fassets.driverdb.com%2Fdrivers%2Fprofile%2F13_fbda8a2efdd0b292f315.jpg&w=256&q=75,French GP,3.0,20.0,2005-07-03,46.8642,3.16361
fisichella,Giancarlo Fisichella,https://www.driverdb.com/_next/image?url=https%3A%2F%2Fassets.driverdb.com%2Fdrivers%2Fprofile%2F13_fbda8a2efdd0b292f315.jpg&w=256&q=75,British GP,5.0,25.0,2005-07-10,52.0786,-1.01694
fisichella,Giancarlo Fisichella,https://www.driverdb.com/_next/image?url=https%3A%2F%2Fassets.driverdb.com%2Fdrivers%2Fprofile%2F13_fbda8a2efdd0b292f315.jpg&w=256&q=75,German GP,5.0,30.0,2005-07-24,49.3278,8.56583
fisichella,Giancarlo Fisichella,https://www.driverdb.com/_next/image?url=https%3A%2F%2Fassets.driverdb.com%2Fdrivers%2Fprofile%2F13_fbda8a2efdd0b292f315.jpg&w=256&q=75,Hungarian GP,0.0,30.0,2005-07-31,47.5789,19.2486
fisichella,Giancarlo Fisichella,https://www.driverdb.com/_next/image?url=https%3A%2F%2Fassets.driverdb.com%2Fdrivers%2Fprofile%2F13_fbda8a2efdd0b292f315.jpg&w=256&q=75,Turkish GP,5.0,35.0,2005-08-21,40.9517,29.405
fisichella,Giancarlo Fisichella,https://www.driverdb.com/_next/image?url=https%3A%2F%2Fassets.driverdb.com%2Fdrivers%2Fprofile%2F13_fbda8a2efdd0b292f315.jpg&w=256&q=75,Italian GP,6.0,41.0,2005-09-04,45.6156,9.28111
fisichella,Giancarlo Fisichella,https://www.driverdb.com/_next/image?url=https%3A%2F%2Fassets.driverdb.com%2Fdrivers%2Fprofile%2F13_fbda8a2efdd0b292f315.jpg&w=256&q=75,Belgian GP,0.0,41.0,2005-09-11,50.4372,5.97139
fisichella,Giancarlo Fisichella,https://www.driverdb.com/_next/image?url=https%3A%2F%2Fassets.driverdb.com%2Fdrivers%2Fprofile%2F13_fbda8a2efdd0b292f315.jpg&w=256&q=75,Brazilian GP,4.0,45.0,2005-09-25,-23.7036,-46.6997
fisichella,Giancarlo Fisichella,https://www.driverdb.com/_next/image?url=https%3A%2F%2Fassets.driverdb.com%2Fdrivers%2Fprofile%2F13_fbda8a2efdd0b292f315.jpg&w=256&q=75,Japanese GP,8.0,53.0,2005-10-09,34.8431,136.541
fisichella,Giancarlo Fisichella,https://www.driverdb.com/_next/image?url=https%3A%2F%2Fassets.driverdb.com%2Fdrivers%2Fprofile%2F13_fbda8a2efdd0b292f315.jpg&w=256&q=75,Chinese GP,5.0,58.0,2005-10-16,31.3389,121.22
ralf_schumacher,Ralf Schumacher,https://static.wikia.nocookie.net/f1wikia/images/0/04/Ralf_Schumacher.jpg/revision/latest?cb=20230922145252,Australian GP,0.0,0.0,2005-03-06,-37.8497,144.968
ralf_schumacher,Ralf Schumacher,https://static.wikia.nocookie.net/f1wikia/images/0/04/Ralf_Schumacher.jpg/revision/latest?cb=20230922145252,Malaysian GP,4.0,4.0,2005-03-20,2.76083,101.738
ralf_schumacher,Ralf Schumacher,https://static.wikia.nocookie.net/f1wikia/images/0/04/Ralf_Schumacher.jpg/revision/latest?cb=20230922145252,Bahrain GP,5.0,9.0,2005-04-03,26.0325,50.5106
ralf_schumacher,Ralf Schumacher,https://static.wikia.nocookie.net/f1wikia/images/0/04/Ralf_Schumacher.jpg/revision/latest?cb=20230922145252,San Marino GP,0.0,9.0,2005-04-24,44.3439,11.7167
ralf_schumacher,Ralf Schumacher,https://static.wikia.nocookie.net/f1wikia/images/0/04/Ralf_Schumacher.jpg/revision/latest?cb=20230922145252,Spanish GP,5.0,14.0,2005-05-08,41.57,2.26111
ralf_schumacher,Ralf Schumacher,https://static.wikia.nocookie.net/f1wikia/images/0/04/Ralf_Schumacher.jpg/revision/latest?cb=20230922145252,Monaco GP,3.0,17.0,2005-05-22,43.7347,7.42056
ralf_schumacher,Ralf Schumacher,https://static.wikia.nocookie.net/f1wikia/images/0/04/Ralf_Schumacher.jpg/revision/latest?cb=20230922145252,European GP,0.0,17.0,2005-05-29,50.3356,6.9475
ralf_schumacher,Ralf Schumacher,https://static.wikia.nocookie.net/f1wikia/images/0/04/Ralf_Schumacher.jpg/revision/latest?cb=20230922145252,Canadian GP,3.0,20.0,2005-06-12,45.5,-73.5228
ralf_schumacher,Ralf Schumacher,https://static.wikia.nocookie.net/f1wikia/images/0/04/Ralf_Schumacher.jpg/revision/latest?cb=20230922145252,French GP,2.0,22.0,2005-07-03,46.8642,3.16361
ralf_schumacher,Ralf Schumacher,https://static.wikia.nocookie.net/f1wikia/images/0/04/Ralf_Schumacher.jpg/revision/latest?cb=20230922145252,British GP,1.0,23.0,2005-07-10,52.0786,-1.01694
ralf_schumacher,Ralf Schumacher,https://static.wikia.nocookie.net/f1wikia/images/0/04/Ralf_Schumacher.jpg/revision/latest?cb=20230922145252,German GP,3.0,26.0,2005-07-24,49.3278,8.56583
ralf_schumacher,Ralf Schumacher,https://static.wikia.nocookie.net/f1wikia/images/0/04/Ralf_Schumacher.jpg/revision/latest?cb=20230922145252,Hungarian GP,6.0,32.0,2005-07-31,47.5789,19.2486
ralf_schumacher,Ralf Schumacher,https://static.wikia.nocookie.net/f1wikia/images/0/04/Ralf_Schumacher.jpg/revision/latest?cb=20230922145252,Turkish GP,0.0,32.0,2005-08-21,40.9517,29.405
ralf_schumacher,Ralf Schumacher,https://static.wikia.nocookie.net/f1wikia/images/0/04/Ralf_Schumacher.jpg/revision/latest?cb=20230922145252,Italian GP,3.0,35.0,2005-09-04,45.6156,9.28111
ralf_schumacher,Ralf Schumacher,https://static.wikia.nocookie.net/f1wikia/images/0/04/Ralf_Schumacher.jpg/revision/latest?cb=20230922145252,Belgian GP,2.0,37.0,2005-09-11,50.4372,5.97139
ralf_schumacher,Ralf Schumacher,https://static.wikia.nocookie.net/f1wikia/images/0/04/Ralf_Schumacher.jpg/revision/latest?cb=20230922145252,Brazilian GP,1.0,38.0,2005-09-25,-23.7036,-46.6997
ralf_schumacher,Ralf Schumacher,https://static.wikia.nocookie.net/f1wikia/images/0/04/Ralf_Schumacher.jpg/revision/latest?cb=20230922145252,Japanese GP,1.0,39.0,2005-10-09,34.8431,136.541
ralf_schumacher,Ralf Schumacher,https://static.wikia.nocookie.net/f1wikia/images/0/04/Ralf_Schumacher.jpg/revision/latest?cb=20230922145252,Chinese GP,6.0,45.0,2005-10-16,31.3389,121.22
trulli,Jarno Trulli,https://driverdb.com/_next/image?url=https%3A%2F%2Fassets.driverdb.com%2Fdrivers%2Fprofile%2F9_acafcecca3d0efca51f6.jpg&w=256&q=75,Australian GP,0.0,0.0,2005-03-06,-37.8497,144.968
trulli,Jarno Trulli,https://driverdb.com/_next/image?url=https%3A%2F%2Fassets.driverdb.com%2Fdrivers%2Fprofile%2F9_acafcecca3d0efca51f6.jpg&w=256&q=75,Malaysian GP,8.0,8.0,2005-03-20,2.76083,101.738
trulli,Jarno Trulli,https://driverdb.com/_next/image?url=https%3A%2F%2Fassets.driverdb.com%2Fdrivers%2Fprofile%2F9_acafcecca3d0efca51f6.jpg&w=256&q=75,Bahrain GP,8.0,16.0,2005-04-03,26.0325,50.5106
trulli,Jarno Trulli,https://driverdb.com/_next/image?url=https%3A%2F%2Fassets.driverdb.com%2Fdrivers%2Fprofile%2F9_acafcecca3d0efca51f6.jpg&w=256&q=75,San Marino GP,4.0,20.0,2005-04-24,44.3439,11.7167
trulli,Jarno Trulli,https://driverdb.com/_next/image?url=https%3A%2F%2Fassets.driverdb.com%2Fdrivers%2Fprofile%2F9_acafcecca3d0efca51f6.jpg&w=256&q=75,Spanish GP,6.0,26.0,2005-05-08,41.57,2.26111
trulli,Jarno Trulli,https://driverdb.com/_next/image?url=https%3A%2F%2Fassets.driverdb.com%2Fdrivers%2Fprofile%2F9_acafcecca3d0efca51f6.jpg&w=256&q=75,Monaco GP,0.0,26.0,2005-05-22,43.7347,7.42056
trulli,Jarno Trulli,https://driverdb.com/_next/image?url=https%3A%2F%2Fassets.driverdb.com%2Fdrivers%2Fprofile%2F9_acafcecca3d0efca51f6.jpg&w=256&q=75,European GP,1.0,27.0,2005-05-29,50.3356,6.9475
trulli,Jarno Trulli,https://driverdb.com/_next/image?url=https%3A%2F%2Fassets.driverdb.com%2Fdrivers%2Fprofile%2F9_acafcecca3d0efca51f6.jpg&w=256&q=75,Canadian GP,0.0,27.0,2005-06-12,45.5,-73.5228
trulli,Jarno Trulli,https://driverdb.com/_next/image?url=https%3A%2F%2Fassets.driverdb.com%2Fdrivers%2Fprofile%2F9_acafcecca3d0efca51f6.jpg&w=256&q=75,United States GP,0.0,27.0,2005-06-19,39.795,-86.2347
trulli,Jarno Trulli,https://driverdb.com/_next/image?url=https%3A%2F%2Fassets.driverdb.com%2Fdrivers%2Fprofile%2F9_acafcecca3d0efca51f6.jpg&w=256&q=75,French GP,4.0,31.0,2005-07-03,46.8642,3.16361
trulli,Jarno Trulli,https://driverdb.com/_next/image?url=https%3A%2F%2Fassets.driverdb.com%2Fdrivers%2Fprofile%2F9_acafcecca3d0efca51f6.jpg&w=256&q=75,British GP,0.0,31.0,2005-07-10,52.0786,-1.01694
trulli,Jarno Trulli,https://driverdb.com/_next/image?url=https%3A%2F%2Fassets.driverdb.com%2Fdrivers%2Fprofile%2F9_acafcecca3d0efca51f6.jpg&w=256&q=75,German GP,0.0,31.0,2005-07-24,49.3278,8.56583
trulli,Jarno Trulli,https://driverdb.com/_next/image?url=https%3A%2F%2Fassets.driverdb.com%2Fdrivers%2Fprofile%2F9_acafcecca3d0efca51f6.jpg&w=256&q=75,Hungarian GP,5.0,36.0,2005-07-31,47.5789,19.2486
trulli,Jarno Trulli,https://driverdb.com/_next/image?url=https%3A%2F%2Fassets.driverdb.com%2Fdrivers%2Fprofile%2F9_acafcecca3d0efca51f6.jpg&w=256&q=75,Turkish GP,3.0,39.0,2005-08-21,40.9517,29.405
trulli,Jarno Trulli,https://driverdb.com/_next/image?url=https%3A%2F%2Fassets.driverdb.com%2Fdrivers%2Fprofile%2F9_acafcecca3d0efca51f6.jpg&w=256&q=75,Italian GP,4.0,43.0,2005-09-04,45.6156,9.28111
trulli,Jarno Trulli,https://driverdb.com/_next/image?url=https%3A%2F%2Fassets.driverdb.com%2Fdrivers%2Fprofile%2F9_acafcecca3d0efca51f6.jpg&w=256&q=75,Belgian GP,0.0,43.0,2005-09-11,50.4372,5.97139
trulli,Jarno Trulli,https://driverdb.com/_next/image?url=https%3A%2F%2Fassets.driverdb.com%2Fdrivers%2Fprofile%2F9_acafcecca3d0efca51f6.jpg&w=256&q=75,Brazilian GP,0.0,43.0,2005-09-25,-23.7036,-46.6997
trulli,Jarno Trulli,https://driverdb.com/_next/image?url=https%3A%2F%2Fassets.driverdb.com%2Fdrivers%2Fprofile%2F9_acafcecca3d0efca51f6.jpg&w=256&q=75,Japanese GP,0.0,43.0,2005-10-09,34.8431,136.541
trulli,Jarno Trulli,https://driverdb.com/_next/image?url=https%3A%2F%2Fassets.driverdb.com%2Fdrivers%2Fprofile%2F9_acafcecca3d0efca51f6.jpg&w=256&q=75,Chinese GP,0.0,43.0,2005-10-16,31.3389,121.22
barrichello,Rubens Barrichello,https://driverdb.com/_next/image?url=https%3A%2F%2Fassets.driverdb.com%2Fdrivers%2Fprofile%2F2_b31457a1632f5c43b5a5.jpg&w=256&q=75,Australian GP,8.0,8.0,2005-03-06,-37.8497,144.968
barrichello,Rubens Barrichello,https://driverdb.com/_next/image?url=https%3A%2F%2Fassets.driverdb.com%2Fdrivers%2Fprofile%2F2_b31457a1632f5c43b5a5.jpg&w=256&q=75,Malaysian GP,0.0,8.0,2005-03-20,2.76083,101.738
barrichello,Rubens Barrichello,https://driverdb.com/_next/image?url=https%3A%2F%2Fassets.driverdb.com%2Fdrivers%2Fprofile%2F2_b31457a1632f5c43b5a5.jpg&w=256&q=75,Bahrain GP,0.0,8.0,2005-04-03,26.0325,50.5106
barrichello,Rubens Barrichello,https://driverdb.com/_next/image?url=https%3A%2F%2Fassets.driverdb.com%2Fdrivers%2Fprofile%2F2_b31457a1632f5c43b5a5.jpg&w=256&q=75,San Marino GP,0.0,8.0,2005-04-24,44.3439,11.7167
barrichello,Rubens Barrichello,https://driverdb.com/_next/image?url=https%3A%2F%2Fassets.driverdb.com%2Fdrivers%2Fprofile%2F2_b31457a1632f5c43b5a5.jpg&w=256&q=75,Spanish GP,0.0,8.0,2005-05-08,41.57,2.26111
barrichello,Rubens Barrichello,https://driverdb.com/_next/image?url=https%3A%2F%2Fassets.driverdb.com%2Fdrivers%2Fprofile%2F2_b31457a1632f5c43b5a5.jpg&w=256&q=75,Monaco GP,1.0,9.0,2005-05-22,43.7347,7.42056
barrichello,Rubens Barrichello,https://driverdb.com/_next/image?url=https%3A%2F%2Fassets.driverdb.com%2Fdrivers%2Fprofile%2F2_b31457a1632f5c43b5a5.jpg&w=256&q=75,European GP,6.0,15.0,2005-05-29,50.3356,6.9475
barrichello,Rubens Barrichello,https://driverdb.com/_next/image?url=https%3A%2F%2Fassets.driverdb.com%2Fdrivers%2Fprofile%2F2_b31457a1632f5c43b5a5.jpg&w=256&q=75,Canadian GP,6.0,21.0,2005-06-12,45.5,-73.5228
barrichello,Rubens Barrichello,https://driverdb.com/_next/image?url=https%3A%2F%2Fassets.driverdb.com%2Fdrivers%2Fprofile%2F2_b31457a1632f5c43b5a5.jpg&w=256&q=75,United States GP,8.0,29.0,2005-06-19,39.795,-86.2347
barrichello,Rubens Barrichello,https://driverdb.com/_next/image?url=https%3A%2F%2Fassets.driverdb.com%2Fdrivers%2Fprofile%2F2_b31457a1632f5c43b5a5.jpg&w=256&q=75,French GP,0.0,29.0,2005-07-03,46.8642,3.16361
barrichello,Rubens Barrichello,https://driverdb.com/_next/image?url=https%3A%2F%2Fassets.driverdb.com%2Fdrivers%2Fprofile%2F2_b31457a1632f5c43b5a5.jpg&w=256&q=75,British GP,2.0,31.0,2005-07-10,52.0786,-1.01694
barrichello,Rubens Barrichello,https://driverdb.com/_next/image?url=https%3A%2F%2Fassets.driverdb.com%2Fdrivers%2Fprofile%2F2_b31457a1632f5c43b5a5.jpg&w=256&q=75,German GP,0.0,31.0,2005-07-24,49.3278,8.56583
barrichello,Rubens Barrichello,https://driverdb.com/_next/image?url=https%3A%2F%2Fassets.driverdb.com%2Fdrivers%2Fprofile%2F2_b31457a1632f5c43b5a5.jpg&w=256&q=75,Hungarian GP,0.0,31.0,2005-07-31,47.5789,19.2486
barrichello,Rubens Barrichello,https://driverdb.com/_next/image?url=https%3A%2F%2Fassets.driverdb.com%2Fdrivers%2Fprofile%2F2_b31457a1632f5c43b5a5.jpg&w=256&q=75,Turkish GP,0.0,31.0,2005-08-21,40.9517,29.405
barrichello,Rubens Barrichello,https://driverdb.com/_next/image?url=https%3A%2F%2Fassets.driverdb.com%2Fdrivers%2Fprofile%2F2_b31457a1632f5c43b5a5.jpg&w=256&q=75,Italian GP,0.0,31.0,2005-09-04,45.6156,9.28111
barrichello,Rubens Barrichello,https://driverdb.com/_next/image?url=https%3A%2F%2Fassets.driverdb.com%2Fdrivers%2Fprofile%2F2_b31457a1632f5c43b5a5.jpg&w=256&q=75,Belgian GP,4.0,35.0,2005-09-11,50.4372,5.97139
barrichello,Rubens Barrichello,https://driverdb.com/_next/image?url=https%3A%2F%2Fassets.driverdb.com%2Fdrivers%2Fprofile%2F2_b31457a1632f5c43b5a5.jpg&w=256&q=75,Brazilian GP,3.0,38.0,2005-09-25,-23.7036,-46.6997
barrichello,Rubens Barrichello,https://driverdb.com/_next/image?url=https%3A%2F%2Fassets.driverdb.com%2Fdrivers%2Fprofile%2F2_b31457a1632f5c43b5a5.jpg&w=256&q=75,Japanese GP,0.0,38.0,2005-10-09,34.8431,136.541
barrichello,Rubens Barrichello,https://driverdb.com/_next/image?url=https%3A%2F%2Fassets.driverdb.com%2Fdrivers%2Fprofile%2F2_b31457a1632f5c43b5a5.jpg&w=256&q=75,Chinese GP,0.0,38.0,2005-10-16,31.3389,121.22
button,Jenson Button,https://driverdb.com/_next/image?url=https%3A%2F%2Fassets.driverdb.com%2Fdrivers%2Fprofile%2F11_31267337b6394978bbac.jpg&w=256&q=75,Australian GP,0.0,0.0,2005-03-06,-37.8497,144.968
button,Jenson Button,https://driverdb.com/_next/image?url=https%3A%2F%2Fassets.driverdb.com%2Fdrivers%2Fprofile%2F11_31267337b6394978bbac.jpg&w=256&q=75,Malaysian GP,0.0,0.0,2005-03-20,2.76083,101.738
button,Jenson Button,https://driverdb.com/_next/image?url=https%3A%2F%2Fassets.driverdb.com%2Fdrivers%2Fprofile%2F11_31267337b6394978bbac.jpg&w=256&q=75,Bahrain GP,0.0,0.0,2005-04-03,26.0325,50.5106
button,Jenson Button,https://driverdb.com/_next/image?url=https%3A%2F%2Fassets.driverdb.com%2Fdrivers%2Fprofile%2F11_31267337b6394978bbac.jpg&w=256&q=75,San Marino GP,0.0,0.0,2005-04-24,44.3439,11.7167
button,Jenson Button,https://driverdb.com/_next/image?url=https%3A%2F%2Fassets.driverdb.com%2Fdrivers%2Fprofile%2F11_31267337b6394978bbac.jpg&w=256&q=75,European GP,0.0,0.0,2005-05-29,50.3356,6.9475
button,Jenson Button,https://driverdb.com/_next/image?url=https%3A%2F%2Fassets.driverdb.com%2Fdrivers%2Fprofile%2F11_31267337b6394978bbac.jpg&w=256&q=75,Canadian GP,0.0,0.0,2005-06-12,45.5,-73.5228
button,Jenson Button,https://driverdb.com/_next/image?url=https%3A%2F%2Fassets.driverdb.com%2Fdrivers%2Fprofile%2F11_31267337b6394978bbac.jpg&w=256&q=75,United States GP,0.0,0.0,2005-06-19,39.795,-86.2347
button,Jenson Button,https://driverdb.com/_next/image?url=https%3A%2F%2Fassets.driverdb.com%2Fdrivers%2Fprofile%2F11_31267337b6394978bbac.jpg&w=256&q=75,French GP,5.0,5.0,2005-07-03,46.8642,3.16361
button,Jenson Button,https://driverdb.com/_next/image?url=https%3A%2F%2Fassets.driverdb.com%2Fdrivers%2Fprofile%2F11_31267337b6394978bbac.jpg&w=256&q=75,British GP,4.0,9.0,2005-07-10,52.0786,-1.01694
button,Jenson Button,https://driverdb.com/_next/image?url=https%3A%2F%2Fassets.driverdb.com%2Fdrivers%2Fprofile%2F11_31267337b6394978bbac.jpg&w=256&q=75,German GP,6.0,15.0,2005-07-24,49.3278,8.56583
button,Jenson Button,https://driverdb.com/_next/image?url=https%3A%2F%2Fassets.driverdb.com%2Fdrivers%2Fprofile%2F11_31267337b6394978bbac.jpg&w=256&q=75,Hungarian GP,4.0,19.0,2005-07-31,47.5789,19.2486
button,Jenson Button,https://driverdb.com/_next/image?url=https%3A%2F%2Fassets.driverdb.com%2Fdrivers%2Fprofile%2F11_31267337b6394978bbac.jpg&w=256&q=75,Turkish GP,4.0,23.0,2005-08-21,40.9517,29.405
button,Jenson Button,https://driverdb.com/_next/image?url=https%3A%2F%2Fassets.driverdb.com%2Fdrivers%2Fprofile%2F11_31267337b6394978bbac.jpg&w=256&q=75,Italian GP,1.0,24.0,2005-09-04,45.6156,9.28111
button,Jenson Button,https://driverdb.com/_next/image?url=https%3A%2F%2Fassets.driverdb.com%2Fdrivers%2Fprofile%2F11_31267337b6394978bbac.jpg&w=256&q=75,Belgian GP,6.0,30.0,2005-09-11,50.4372,5.97139
button,Jenson Button,https://driverdb.com/_next/image?url=https%3A%2F%2Fassets.driverdb.com%2Fdrivers%2Fprofile%2F11_31267337b6394978bbac.jpg&w=256&q=75,Brazilian GP,2.0,32.0,2005-09-25,-23.7036,-46.6997
button,Jenson Button,https://driverdb.com/_next/image?url=https%3A%2F%2Fassets.driverdb.com%2Fdrivers%2Fprofile%2F11_31267337b6394978bbac.jpg&w=256&q=75,Japanese GP,4.0,36.0,2005-10-09,34.8431,136.541
button,Jenson Button,https://driverdb.com/_next/image?url=https%3A%2F%2Fassets.driverdb.com%2Fdrivers%2Fprofile%2F11_31267337b6394978bbac.jpg&w=256&q=75,Chinese GP,1.0,37.0,2005-10-16,31.3389,121.22
webber,Mark Webber,https://driverdb.com/_next/image?url=https%3A%2F%2Fassets.driverdb.com%2Fdrivers%2Fprofile%2F15_2bcc4b09c7f87a165bb5.jpg&w=256&q=75,Australian GP,4.0,4.0,2005-03-06,-37.8497,144.968
webber,Mark Webber,https://driverdb.com/_next/image?url=https%3A%2F%2Fassets.driverdb.com%2Fdrivers%2Fprofile%2F15_2bcc4b09c7f87a165bb5.jpg&w=256&q=75,Malaysian GP,0.0,4.0,2005-03-20,2.76083,101.738
webber,Mark Webber,https://driverdb.com/_next/image?url=https%3A%2F%2Fassets.driverdb.com%2Fdrivers%2Fprofile%2F15_2bcc4b09c7f87a165bb5.jpg&w=256&q=75,Bahrain GP,3.0,7.0,2005-04-03,26.0325,50.5106
webber,Mark Webber,https://driverdb.com/_next/image?url=https%3A%2F%2Fassets.driverdb.com%2Fdrivers%2Fprofile%2F15_2bcc4b09c7f87a165bb5.jpg&w=256&q=75,San Marino GP,2.0,9.0,2005-04-24,44.3439,11.7167
webber,Mark Webber,https://driverdb.com/_next/image?url=https%3A%2F%2Fassets.driverdb.com%2Fdrivers%2Fprofile%2F15_2bcc4b09c7f87a165bb5.jpg&w=256&q=75,Spanish GP,3.0,12.0,2005-05-08,41.57,2.26111
webber,Mark Webber,https://driverdb.com/_next/image?url=https%3A%2F%2Fassets.driverdb.com%2Fdrivers%2Fprofile%2F15_2bcc4b09c7f87a165bb5.jpg&w=256&q=75,Monaco GP,6.0,18.0,2005-05-22,43.7347,7.42056
webber,Mark Webber,https://driverdb.com/_next/image?url=https%3A%2F%2Fassets.driverdb.com%2Fdrivers%2Fprofile%2F15_2bcc4b09c7f87a165bb5.jpg&w=256&q=75,European GP,0.0,18.0,2005-05-29,50.3356,6.9475
webber,Mark Webber,https://driverdb.com/_next/image?url=https%3A%2F%2Fassets.driverdb.com%2Fdrivers%2Fprofile%2F15_2bcc4b09c7f87a165bb5.jpg&w=256&q=75,Canadian GP,4.0,22.0,2005-06-12,45.5,-73.5228
webber,Mark Webber,https://driverdb.com/_next/image?url=https%3A%2F%2Fassets.driverdb.com%2Fdrivers%2Fprofile%2F15_2bcc4b09c7f87a165bb5.jpg&w=256&q=75,United States GP,0.0,22.0,2005-06-19,39.795,-86.2347
webber,Mark Webber,https://driverdb.com/_next/image?url=https%3A%2F%2Fassets.driverdb.com%2Fdrivers%2Fprofile%2F15_2bcc4b09c7f87a165bb5.jpg&w=256&q=75,French GP,0.0,22.0,2005-07-03,46.8642,3.16361
webber,Mark Webber,https://driverdb.com/_next/image?url=https%3A%2F%2Fassets.driverdb.com%2Fdrivers%2Fprofile%2F15_2bcc4b09c7f87a165bb5.jpg&w=256&q=75,British GP,0.0,22.0,2005-07-10,52.0786,-1.01694
webber,Mark Webber,https://driverdb.com/_next/image?url=https%3A%2F%2Fassets.driverdb.com%2Fdrivers%2Fprofile%2F15_2bcc4b09c7f87a165bb5.jpg&w=256&q=75,German GP,0.0,22.0,2005-07-24,49.3278,8.56583
webber,Mark Webber,https://driverdb.com/_next/image?url=https%3A%2F%2Fassets.driverdb.com%2Fdrivers%2Fprofile%2F15_2bcc4b09c7f87a165bb5.jpg&w=256&q=75,Hungarian GP,2.0,24.0,2005-07-31,47.5789,19.2486
webber,Mark Webber,https://driverdb.com/_next/image?url=https%3A%2F%2Fassets.driverdb.com%2Fdrivers%2Fprofile%2F15_2bcc4b09c7f87a165bb5.jpg&w=256&q=75,Turkish GP,0.0,24.0,2005-08-21,40.9517,29.405
webber,Mark Webber,https://driverdb.com/_next/image?url=https%3A%2F%2Fassets.driverdb.com%2Fdrivers%2Fprofile%2F15_2bcc4b09c7f87a165bb5.jpg&w=256&q=75,Italian GP,0.0,24.0,2005-09-04,45.6156,9.28111
webber,Mark Webber,https://driverdb.com/_next/image?url=https%3A%2F%2Fassets.driverdb.com%2Fdrivers%2Fprofile%2F15_2bcc4b09c7f87a165bb5.jpg&w=256&q=75,Belgian GP,5.0,29.0,2005-09-11,50.4372,5.97139
webber,Mark Webber,https://driverdb.com/_next/image?url=https%3A%2F%2Fassets.driverdb.com%2Fdrivers%2Fprofile%2F15_2bcc4b09c7f87a165bb5.jpg&w=256&q=75,Brazilian GP,0.0,29.0,2005-09-25,-23.7036,-46.6997
webber,Mark Webber,https://driverdb.com/_next/image?url=https%3A%2F%2Fassets.driverdb.com%2Fdrivers%2Fprofile%2F15_2bcc4b09c7f87a165bb5.jpg&w=256&q=75,Japanese GP,5.0,34.0,2005-10-09,34.8431,136.541
webber,Mark Webber,https://driverdb.com/_next/image?url=https%3A%2F%2Fassets.driverdb.com%2Fdrivers%2Fprofile%2F15_2bcc4b09c7f87a165bb5.jpg&w=256&q=75,Chinese GP,2.0,36.0,2005-10-16,31.3389,121.22
heidfeld,Nick Heidfeld,https://driverdb.com/_next/image?url=https%3A%2F%2Fassets.driverdb.com%2Fdrivers%2Fprofile%2F19_6f0cfc23f911fb6c8381.jpg&w=256&q=75,Australian GP,0.0,0.0,2005-03-06,-37.8497,144.968
heidfeld,Nick Heidfeld,https://driverdb.com/_next/image?url=https%3A%2F%2Fassets.driverdb.com%2Fdrivers%2Fprofile%2F19_6f0cfc23f911fb6c8381.jpg&w=256&q=75,Malaysian GP,6.0,6.0,2005-03-20,2.76083,101.738
heidfeld,Nick Heidfeld,https://driverdb.com/_next/image?url=https%3A%2F%2Fassets.driverdb.com%2Fdrivers%2Fprofile%2F19_6f0cfc23f911fb6c8381.jpg&w=256&q=75,Bahrain GP,0.0,6.0,2005-04-03,26.0325,50.5106
heidfeld,Nick Heidfeld,https://driverdb.com/_next/image?url=https%3A%2F%2Fassets.driverdb.com%2Fdrivers%2Fprofile%2F19_6f0cfc23f911fb6c8381.jpg&w=256&q=75,San Marino GP,3.0,9.0,2005-04-24,44.3439,11.7167
heidfeld,Nick Heidfeld,https://driverdb.com/_next/image?url=https%3A%2F%2Fassets.driverdb.com%2Fdrivers%2Fprofile%2F19_6f0cfc23f911fb6c8381.jpg&w=256&q=75,Spanish GP,0.0,9.0,2005-05-08,41.57,2.26111
heidfeld,Nick Heidfeld,https://driverdb.com/_next/image?url=https%3A%2F%2Fassets.driverdb.com%2Fdrivers%2Fprofile%2F19_6f0cfc23f911fb6c8381.jpg&w=256&q=75,Monaco GP,8.0,17.0,2005-05-22,43.7347,7.42056
heidfeld,Nick Heidfeld,https://driverdb.com/_next/image?url=https%3A%2F%2Fassets.driverdb.com%2Fdrivers%2Fprofile%2F19_6f0cfc23f911fb6c8381.jpg&w=256&q=75,European GP,8.0,25.0,2005-05-29,50.3356,6.9475
heidfeld,Nick Heidfeld,https://driverdb.com/_next/image?url=https%3A%2F%2Fassets.driverdb.com%2Fdrivers%2Fprofile%2F19_6f0cfc23f911fb6c8381.jpg&w=256&q=75,Canadian GP,0.0,25.0,2005-06-12,45.5,-73.5228
heidfeld,Nick Heidfeld,https://driverdb.com/_next/image?url=https%3A%2F%2Fassets.driverdb.com%2Fdrivers%2Fprofile%2F19_6f0cfc23f911fb6c8381.jpg&w=256&q=75,United States GP,0.0,25.0,2005-06-19,39.795,-86.2347
heidfeld,Nick Heidfeld,https://driverdb.com/_next/image?url=https%3A%2F%2Fassets.driverdb.com%2Fdrivers%2Fprofile%2F19_6f0cfc23f911fb6c8381.jpg&w=256&q=75,French GP,0.0,25.0,2005-07-03,46.8642,3.16361
heidfeld,Nick Heidfeld,https://driverdb.com/_next/image?url=https%3A%2F%2Fassets.driverdb.com%2Fdrivers%2Fprofile%2F19_6f0cfc23f911fb6c8381.jpg&w=256&q=75,British GP,0.0,25.0,2005-07-10,52.0786,-1.01694
heidfeld,Nick Heidfeld,https://driverdb.com/_next/image?url=https%3A%2F%2Fassets.driverdb.com%2Fdrivers%2Fprofile%2F19_6f0cfc23f911fb6c8381.jpg&w=256&q=75,German GP,0.0,25.0,2005-07-24,49.3278,8.56583
heidfeld,Nick Heidfeld,https://driverdb.com/_next/image?url=https%3A%2F%2Fassets.driverdb.com%2Fdrivers%2Fprofile%2F19_6f0cfc23f911fb6c8381.jpg&w=256&q=75,Hungarian GP,3.0,28.0,2005-07-31,47.5789,19.2486
heidfeld,Nick Heidfeld,https://driverdb.com/_next/image?url=https%3A%2F%2Fassets.driverdb.com%2Fdrivers%2Fprofile%2F19_6f0cfc23f911fb6c8381.jpg&w=256&q=75,Turkish GP,0.0,28.0,2005-08-21,40.9517,29.405
coulthard,David Coulthard,https://driverdb.com/_next/image?url=https%3A%2F%2Fassets.driverdb.com%2Fdrivers%2Fprofile%2F7_c6b51d89a1abf05be86c.jpg&w=256&q=75,Australian GP,5.0,5.0,2005-03-06,-37.8497,144.968
coulthard,David Coulthard,https://driverdb.com/_next/image?url=https%3A%2F%2Fassets.driverdb.com%2Fdrivers%2Fprofile%2F7_c6b51d89a1abf05be86c.jpg&w=256&q=75,Malaysian GP,3.0,8.0,2005-03-20,2.76083,101.738
coulthard,David Coulthard,https://driverdb.com/_next/image?url=https%3A%2F%2Fassets.driverdb.com%2Fdrivers%2Fprofile%2F7_c6b51d89a1abf05be86c.jpg&w=256&q=75,Bahrain GP,1.0,9.0,2005-04-03,26.0325,50.5106
coulthard,David Coulthard,https://driverdb.com/_next/image?url=https%3A%2F%2Fassets.driverdb.com%2Fdrivers%2Fprofile%2F7_c6b51d89a1abf05be86c.jpg&w=256&q=75,San Marino GP,0.0,9.0,2005-04-24,44.3439,11.7167
coulthard,David Coulthard,https://driverdb.com/_next/image?url=https%3A%2F%2Fassets.driverdb.com%2Fdrivers%2Fprofile%2F7_c6b51d89a1abf05be86c.jpg&w=256&q=75,Spanish GP,1.0,10.0,2005-05-08,41.57,2.26111
coulthard,David Coulthard,https://driverdb.com/_next/image?url=https%3A%2F%2Fassets.driverdb.com%2Fdrivers%2Fprofile%2F7_c6b51d89a1abf05be86c.jpg&w=256&q=75,Monaco GP,0.0,10.0,2005-05-22,43.7347,7.42056
coulthard,David Coulthard,https://driverdb.com/_next/image?url=https%3A%2F%2Fassets.driverdb.com%2Fdrivers%2Fprofile%2F7_c6b51d89a1abf05be86c.jpg&w=256&q=75,European GP,5.0,15.0,2005-05-29,50.3356,6.9475
coulthard,David Coulthard,https://driverdb.com/_next/image?url=https%3A%2F%2Fassets.driverdb.com%2Fdrivers%2Fprofile%2F7_c6b51d89a1abf05be86c.jpg&w=256&q=75,Canadian GP,2.0,17.0,2005-06-12,45.5,-73.5228
coulthard,David Coulthard,https://driverdb.com/_next/image?url=https%3A%2F%2Fassets.driverdb.com%2Fdrivers%2Fprofile%2F7_c6b51d89a1abf05be86c.jpg&w=256&q=75,United States GP,0.0,17.0,2005-06-19,39.795,-86.2347
coulthard,David Coulthard,https://driverdb.com/_next/image?url=https%3A%2F%2Fassets.driverdb.com%2Fdrivers%2Fprofile%2F7_c6b51d89a1abf05be86c.jpg&w=256&q=75,French GP,0.0,17.0,2005-07-03,46.8642,3.16361
coulthard,David Coulthard,https://driverdb.com/_next/image?url=https%3A%2F%2Fassets.driverdb.com%2Fdrivers%2Fprofile%2F7_c6b51d89a1abf05be86c.jpg&w=256&q=75,British GP,0.0,17.0,2005-07-10,52.0786,-1.01694
coulthard,David Coulthard,https://driverdb.com/_next/image?url=https%3A%2F%2Fassets.driverdb.com%2Fdrivers%2Fprofile%2F7_c6b51d89a1abf05be86c.jpg&w=256&q=75,German GP,2.0,19.0,2005-07-24,49.3278,8.56583
coulthard,David Coulthard,https://driverdb.com/_next/image?url=https%3A%2F%2Fassets.driverdb.com%2Fdrivers%2Fprofile%2F7_c6b51d89a1abf05be86c.jpg&w=256&q=75,Hungarian GP,0.0,19.0,2005-07-31,47.5789,19.2486
coulthard,David Coulthard,https://driverdb.com/_next/image?url=https%3A%2F%2Fassets.driverdb.com%2Fdrivers%2Fprofile%2F7_c6b51d89a1abf05be86c.jpg&w=256&q=75,Turkish GP,2.0,21.0,2005-08-21,40.9517,29.405
coulthard,David Coulthard,https://driverdb.com/_next/image?url=https%3A%2F%2Fassets.driverdb.com%2Fdrivers%2Fprofile%2F7_c6b51d89a1abf05be86c.jpg&w=256&q=75,Italian GP,0.0,21.0,2005-09-04,45.6156,9.28111
coulthard,David Coulthard,https://driverdb.com/_next/image?url=https%3A%2F%2Fassets.driverdb.com%2Fdrivers%2Fprofile%2F7_c6b51d89a1abf05be86c.jpg&w=256&q=75,Belgian GP,0.0,21.0,2005-09-11,50.4372,5.97139
coulthard,David Coulthard,https://driverdb.com/_next/image?url=https%3A%2F%2Fassets.driverdb.com%2Fdrivers%2Fprofile%2F7_c6b51d89a1abf05be86c.jpg&w=256&q=75,Brazilian GP,0.0,21.0,2005-09-25,-23.7036,-46.6997
coulthard,David Coulthard,https://driverdb.com/_next/image?url=https%3A%2F%2Fassets.driverdb.com%2Fdrivers%2Fprofile%2F7_c6b51d89a1abf05be86c.jpg&w=256&q=75,Japanese GP,3.0,24.0,2005-10-09,34.8431,136.541
coulthard,David Coulthard,https://driverdb.com/_next/image?url=https%3A%2F%2Fassets.driverdb.com%2Fdrivers%2Fprofile%2F7_c6b51d89a1abf05be86c.jpg&w=256&q=75,Chinese GP,0.0,24.0,2005-10-16,31.3389,121.22
massa,Felipe Massa,https://www.driverdb.com/_next/image?url=https%3A%2F%2Fassets.driverdb.com%2Fdrivers%2Fprofile%2F14_1e9df86fd1fd733f218c.jpg&w=256&q=75,Australian GP,0.0,0.0,2005-03-06,-37.8497,144.968
massa,Felipe Massa,https://www.driverdb.com/_next/image?url=https%3A%2F%2Fassets.driverdb.com%2Fdrivers%2Fprofile%2F14_1e9df86fd1fd733f218c.jpg&w=256&q=75,Malaysian GP,0.0,0.0,2005-03-20,2.76083,101.738
massa,Felipe Massa,https://www.driverdb.com/_next/image?url=https%3A%2F%2Fassets.driverdb.com%2Fdrivers%2Fprofile%2F14_1e9df86fd1fd733f218c.jpg&w=256&q=75,Bahrain GP,2.0,2.0,2005-04-03,26.0325,50.5106
massa,Felipe Massa,https://www.driverdb.com/_next/image?url=https%3A%2F%2Fassets.driverdb.com%2Fdrivers%2Fprofile%2F14_1e9df86fd1fd733f218c.jpg&w=256&q=75,San Marino GP,0.0,2.0,2005-04-24,44.3439,11.7167
massa,Felipe Massa,https://www.driverdb.com/_next/image?url=https%3A%2F%2Fassets.driverdb.com%2Fdrivers%2Fprofile%2F14_1e9df86fd1fd733f218c.jpg&w=256&q=75,Spanish GP,0.0,2.0,2005-05-08,41.57,2.26111
massa,Felipe Massa,https://www.driverdb.com/_next/image?url=https%3A%2F%2Fassets.driverdb.com%2Fdrivers%2Fprofile%2F14_1e9df86fd1fd733f218c.jpg&w=256&q=75,Monaco GP,0.0,2.0,2005-05-22,43.7347,7.42056
massa,Felipe Massa,https://www.driverdb.com/_next/image?url=https%3A%2F%2Fassets.driverdb.com%2Fdrivers%2Fprofile%2F14_1e9df86fd1fd733f218c.jpg&w=256&q=75,European GP,0.0,2.0,2005-05-29,50.3356,6.9475
massa,Felipe Massa,https://www.driverdb.com/_next/image?url=https%3A%2F%2Fassets.driverdb.com%2Fdrivers%2Fprofile%2F14_1e9df86fd1fd733f218c.jpg&w=256&q=75,Canadian GP,5.0,7.0,2005-06-12,45.5,-73.5228
massa,Felipe Massa,https://www.driverdb.com/_next/image?url=https%3A%2F%2Fassets.driverdb.com%2Fdrivers%2Fprofile%2F14_1e9df86fd1fd733f218c.jpg&w=256&q=75,United States GP,0.0,7.0,2005-06-19,39.795,-86.2347
massa,Felipe Massa,https://www.driverdb.com/_next/image?url=https%3A%2F%2Fassets.driverdb.com%2Fdrivers%2Fprofile%2F14_1e9df86fd1fd733f218c.jpg&w=256&q=75,French GP,0.0,7.0,2005-07-03,46.8642,3.16361
massa,Felipe Massa,https://www.driverdb.com/_next/image?url=https%3A%2F%2Fassets.driverdb.com%2Fdrivers%2Fprofile%2F14_1e9df86fd1fd733f218c.jpg&w=256&q=75,British GP,0.0,7.0,2005-07-10,52.0786,-1.01694
massa,Felipe Massa,https://www.driverdb.com/_next/image?url=https%3A%2F%2Fassets.driverdb.com%2Fdrivers%2Fprofile%2F14_1e9df86fd1fd733f218c.jpg&w=256&q=75,German GP,1.0,8.0,2005-07-24,49.3278,8.56583
massa,Felipe Massa,https://www.driverdb.com/_next/image?url=https%3A%2F%2Fassets.driverdb.com%2Fdrivers%2Fprofile%2F14_1e9df86fd1fd733f218c.jpg&w=256&q=75,Hungarian GP,0.0,8.0,2005-07-31,47.5789,19.2486
massa,Felipe Massa,https://www.driverdb.com/_next/image?url=https%3A%2F%2Fassets.driverdb.com%2Fdrivers%2Fprofile%2F14_1e9df86fd1fd733f218c.jpg&w=256&q=75,Turkish GP,0.0,8.0,2005-08-21,40.9517,29.405
massa,Felipe Massa,https://www.driverdb.com/_next/image?url=https%3A%2F%2Fassets.driverdb.com%2Fdrivers%2Fprofile%2F14_1e9df86fd1fd733f218c.jpg&w=256&q=75,Italian GP,0.0,8.0,2005-09-04,45.6156,9.28111
massa,Felipe Massa,https://www.driverdb.com/_next/image?url=https%3A%2F%2Fassets.driverdb.com%2Fdrivers%2Fprofile%2F14_1e9df86fd1fd733f218c.jpg&w=256&q=75,Belgian GP,0.0,8.0,2005-09-11,50.4372,5.97139
massa,Felipe Massa,https://www.driverdb.com/_next/image?url=https%3A%2F%2Fassets.driverdb.com%2Fdrivers%2Fprofile%2F14_1e9df86fd1fd733f218c.jpg&w=256&q=75,Brazilian GP,0.0,8.0,2005-09-25,-23.7036,-46.6997
massa,Felipe Massa,https://www.driverdb.com/_next/image?url=https%3A%2F%2Fassets.driverdb.com%2Fdrivers%2Fprofile%2F14_1e9df86fd1fd733f218c.jpg&w=256&q=75,Japanese GP,0.0,8.0,2005-10-09,34.8431,136.541
massa,Felipe Massa,https://www.driverdb.com/_next/image?url=https%3A%2F%2Fassets.driverdb.com%2Fdrivers%2Fprofile%2F14_1e9df86fd1fd733f218c.jpg&w=256&q=75,Chinese GP,3.0,11.0,2005-10-16,31.3389,121.22
klien,Christian Klien,https://driverdb.com/_next/image?url=https%3A%2F%2Fassets.driverdb.com%2Fdrivers%2Fprofile%2F16_fe011f60ee99b5fa6283.jpg&w=256&q=75,Australian GP,2.0,2.0,2005-03-06,-37.8497,144.968
klien,Christian Klien,https://driverdb.com/_next/image?url=https%3A%2F%2Fassets.driverdb.com%2Fdrivers%2Fprofile%2F16_fe011f60ee99b5fa6283.jpg&w=256&q=75,Malaysian GP,1.0,3.0,2005-03-20,2.76083,101.738
klien,Christian Klien,https://driverdb.com/_next/image?url=https%3A%2F%2Fassets.driverdb.com%2Fdrivers%2Fprofile%2F16_fe011f60ee99b5fa6283.jpg&w=256&q=75,Bahrain GP,0.0,3.0,2005-04-03,26.0325,50.5106
klien,Christian Klien,https://driverdb.com/_next/image?url=https%3A%2F%2Fassets.driverdb.com%2Fdrivers%2Fprofile%2F16_fe011f60ee99b5fa6283.jpg&w=256&q=75,Canadian GP,1.0,4.0,2005-06-12,45.5,-73.5228
klien,Christian Klien,https://driverdb.com/_next/image?url=https%3A%2F%2Fassets.driverdb.com%2Fdrivers%2Fprofile%2F16_fe011f60ee99b5fa6283.jpg&w=256&q=75,United States GP,0.0,4.0,2005-06-19,39.795,-86.2347
klien,Christian Klien,https://driverdb.com/_next/image?url=https%3A%2F%2Fassets.driverdb.com%2Fdrivers%2Fprofile%2F16_fe011f60ee99b5fa6283.jpg&w=256&q=75,French GP,0.0,4.0,2005-07-03,46.8642,3.16361
klien,Christian Klien,https://driverdb.com/_next/image?url=https%3A%2F%2Fassets.driverdb.com%2Fdrivers%2Fprofile%2F16_fe011f60ee99b5fa6283.jpg&w=256&q=75,British GP,0.0,4.0,2005-07-10,52.0786,-1.01694
klien,Christian Klien,https://driverdb.com/_next/image?url=https%3A%2F%2Fassets.driverdb.com%2Fdrivers%2Fprofile%2F16_fe011f60ee99b5fa6283.jpg&w=256&q=75,German GP,0.0,4.0,2005-07-24,49.3278,8.56583
klien,Christian Klien,https://driverdb.com/_next/image?url=https%3A%2F%2Fassets.driverdb.com%2Fdrivers%2Fprofile%2F16_fe011f60ee99b5fa6283.jpg&w=256&q=75,Hungarian GP,0.0,4.0,2005-07-31,47.5789,19.2486
klien,Christian Klien,https://driverdb.com/_next/image?url=https%3A%2F%2Fassets.driverdb.com%2Fdrivers%2Fprofile%2F16_fe011f60ee99b5fa6283.jpg&w=256&q=75,Turkish GP,1.0,5.0,2005-08-21,40.9517,29.405
klien,Christian Klien,https://driverdb.com/_next/image?url=https%3A%2F%2Fassets.driverdb.com%2Fdrivers%2Fprofile%2F16_fe011f60ee99b5fa6283.jpg&w=256&q=75,Italian GP,0.0,5.0,2005-09-04,45.6156,9.28111
klien,Christian Klien,https://driverdb.com/_next/image?url=https%3A%2F%2Fassets.driverdb.com%2Fdrivers%2Fprofile%2F16_fe011f60ee99b5fa6283.jpg&w=256&q=75,Belgian GP,0.0,5.0,2005-09-11,50.4372,5.97139
klien,Christian Klien,https://driverdb.com/_next/image?url=https%3A%2F%2Fassets.driverdb.com%2Fdrivers%2Fprofile%2F16_fe011f60ee99b5fa6283.jpg&w=256&q=75,Brazilian GP,0.0,5.0,2005-09-25,-23.7036,-46.6997
klien,Christian Klien,https://driverdb.com/_next/image?url=https%3A%2F%2Fassets.driverdb.com%2Fdrivers%2Fprofile%2F16_fe011f60ee99b5fa6283.jpg&w=256&q=75,Japanese GP,0.0,5.0,2005-10-09,34.8431,136.541
klien,Christian Klien,https://driverdb.com/_next/image?url=https%3A%2F%2Fassets.driverdb.com%2Fdrivers%2Fprofile%2F16_fe011f60ee99b5fa6283.jpg&w=256&q=75,Chinese GP,4.0,9.0,2005-10-16,31.3389,121.22
villeneuve,Jacques Villeneuve,https://driverdb.com/_next/image?url=https%3A%2F%2Fassets.driverdb.com%2Fdrivers%2Fprofile%2F383_7a035665bdbe594cdab0.jpg&w=256&q=75,Australian GP,0.0,0.0,2005-03-06,-37.8497,144.968
villeneuve,Jacques Villeneuve,https://driverdb.com/_next/image?url=https%3A%2F%2Fassets.driverdb.com%2Fdrivers%2Fprofile%2F383_7a035665bdbe594cdab0.jpg&w=256&q=75,Malaysian GP,0.0,0.0,2005-03-20,2.76083,101.738
villeneuve,Jacques Villeneuve,https://driverdb.com/_next/image?url=https%3A%2F%2Fassets.driverdb.com%2Fdrivers%2Fprofile%2F383_7a035665bdbe594cdab0.jpg&w=256&q=75,Bahrain GP,0.0,0.0,2005-04-03,26.0325,50.5106
villeneuve,Jacques Villeneuve,https://driverdb.com/_next/image?url=https%3A%2F%2Fassets.driverdb.com%2Fdrivers%2Fprofile%2F383_7a035665bdbe594cdab0.jpg&w=256&q=75,San Marino GP,5.0,5.0,2005-04-24,44.3439,11.7167
villeneuve,Jacques Villeneuve,https://driverdb.com/_next/image?url=https%3A%2F%2Fassets.driverdb.com%2Fdrivers%2Fprofile%2F383_7a035665bdbe594cdab0.jpg&w=256&q=75,Spanish GP,0.0,5.0,2005-05-08,41.57,2.26111
villeneuve,Jacques Villeneuve,https://driverdb.com/_next/image?url=https%3A%2F%2Fassets.driverdb.com%2Fdrivers%2Fprofile%2F383_7a035665bdbe594cdab0.jpg&w=256&q=75,Monaco GP,0.0,5.0,2005-05-22,43.7347,7.42056
villeneuve,Jacques Villeneuve,https://driverdb.com/_next/image?url=https%3A%2F%2Fassets.driverdb.com%2Fdrivers%2Fprofile%2F383_7a035665bdbe594cdab0.jpg&w=256&q=75,European GP,0.0,5.0,2005-05-29,50.3356,6.9475
villeneuve,Jacques Villeneuve,https://driverdb.com/_next/image?url=https%3A%2F%2Fassets.driverdb.com%2Fdrivers%2Fprofile%2F383_7a035665bdbe594cdab0.jpg&w=256&q=75,Canadian GP,0.0,5.0,2005-06-12,45.5,-73.5228
villeneuve,Jacques Villeneuve,https://driverdb.com/_next/image?url=https%3A%2F%2Fassets.driverdb.com%2Fdrivers%2Fprofile%2F383_7a035665bdbe594cdab0.jpg&w=256&q=75,United States GP,0.0,5.0,2005-06-19,39.795,-86.2347
villeneuve,Jacques Villeneuve,https://driverdb.com/_next/image?url=https%3A%2F%2Fassets.driverdb.com%2Fdrivers%2Fprofile%2F383_7a035665bdbe594cdab0.jpg&w=256&q=75,French GP,1.0,6.0,2005-07-03,46.8642,3.16361
villeneuve,Jacques Villeneuve,https://driverdb.com/_next/image?url=https%3A%2F%2Fassets.driverdb.com%2Fdrivers%2Fprofile%2F383_7a035665bdbe594cdab0.jpg&w=256&q=75,British GP,0.0,6.0,2005-07-10,52.0786,-1.01694
villeneuve,Jacques Villeneuve,https://driverdb.com/_next/image?url=https%3A%2F%2Fassets.driverdb.com%2Fdrivers%2Fprofile%2F383_7a035665bdbe594cdab0.jpg&w=256&q=75,German GP,0.0,6.0,2005-07-24,49.3278,8.56583
villeneuve,Jacques Villeneuve,https://driverdb.com/_next/image?url=https%3A%2F%2Fassets.driverdb.com%2Fdrivers%2Fprofile%2F383_7a035665bdbe594cdab0.jpg&w=256&q=75,Hungarian GP,0.0,6.0,2005-07-31,47.5789,19.2486
villeneuve,Jacques Villeneuve,https://driverdb.com/_next/image?url=https%3A%2F%2Fassets.driverdb.com%2Fdrivers%2Fprofile%2F383_7a035665bdbe594cdab0.jpg&w=256&q=75,Turkish GP,0.0,6.0,2005-08-21,40.9517,29.405
villeneuve,Jacques Villeneuve,https://driverdb.com/_next/image?url=https%3A%2F%2Fassets.driverdb.com%2Fdrivers%2Fprofile%2F383_7a035665bdbe594cdab0.jpg&w=256&q=75,Italian GP,0.0,6.0,2005-09-04,45.6156,9.28111
villeneuve,Jacques Villeneuve,https://driverdb.com/_next/image?url=https%3A%2F%2Fassets.driverdb.com%2Fdrivers%2Fprofile%2F383_7a035665bdbe594cdab0.jpg&w=256&q=75,Belgian GP,3.0,9.0,2005-09-11,50.4372,5.97139
villeneuve,Jacques Villeneuve,https://driverdb.com/_next/image?url=https%3A%2F%2Fassets.driverdb.com%2Fdrivers%2Fprofile%2F383_7a035665bdbe594cdab0.jpg&w=256&q=75,Brazilian GP,0.0,9.0,2005-09-25,-23.7036,-46.6997
villeneuve,Jacques Villeneuve,https://driverdb.com/_next/image?url=https%3A%2F%2Fassets.driverdb.com%2Fdrivers%2Fprofile%2F383_7a035665bdbe594cdab0.jpg&w=256&q=75,Japanese GP,0.0,9.0,2005-10-09,34.8431,136.541
villeneuve,Jacques Villeneuve,https://driverdb.com/_next/image?url=https%3A%2F%2Fassets.driverdb.com%2Fdrivers%2Fprofile%2F383_7a035665bdbe594cdab0.jpg&w=256&q=75,Chinese GP,0.0,9.0,2005-10-16,31.3389,121.22
monteiro,Tiago Monteiro,https://upload.wikimedia.org/wikipedia/commons/thumb/8/88/Tiago_monteiro_spafrancorchamps2014.JPG/800px-Tiago_monteiro_spafrancorchamps2014.JPG,Australian GP,0.0,0.0,2005-03-06,-37.8497,144.968
monteiro,Tiago Monteiro,https://upload.wikimedia.org/wikipedia/commons/thumb/8/88/Tiago_monteiro_spafrancorchamps2014.JPG/800px-Tiago_monteiro_spafrancorchamps2014.JPG,Malaysian GP,0.0,0.0,2005-03-20,2.76083,101.738
monteiro,Tiago Monteiro,https://upload.wikimedia.org/wikipedia/commons/thumb/8/88/Tiago_monteiro_spafrancorchamps2014.JPG/800px-Tiago_monteiro_spafrancorchamps2014.JPG,Bahrain GP,0.0,0.0,2005-04-03,26.0325,50.5106
monteiro,Tiago Monteiro,https://upload.wikimedia.org/wikipedia/commons/thumb/8/88/Tiago_monteiro_spafrancorchamps2014.JPG/800px-Tiago_monteiro_spafrancorchamps2014.JPG,San Marino GP,0.0,0.0,2005-04-24,44.3439,11.7167
monteiro,Tiago Monteiro,https://upload.wikimedia.org/wikipedia/commons/thumb/8/88/Tiago_monteiro_spafrancorchamps2014.JPG/800px-Tiago_monteiro_spafrancorchamps2014.JPG,Spanish GP,0.0,0.0,2005-05-08,41.57,2.26111
monteiro,Tiago Monteiro,https://upload.wikimedia.org/wikipedia/commons/thumb/8/88/Tiago_monteiro_spafrancorchamps2014.JPG/800px-Tiago_monteiro_spafrancorchamps2014.JPG,Monaco GP,0.0,0.0,2005-05-22,43.7347,7.42056
monteiro,Tiago Monteiro,https://upload.wikimedia.org/wikipedia/commons/thumb/8/88/Tiago_monteiro_spafrancorchamps2014.JPG/800px-Tiago_monteiro_spafrancorchamps2014.JPG,European GP,0.0,0.0,2005-05-29,50.3356,6.9475
monteiro,Tiago Monteiro,https://upload.wikimedia.org/wikipedia/commons/thumb/8/88/Tiago_monteiro_spafrancorchamps2014.JPG/800px-Tiago_monteiro_spafrancorchamps2014.JPG,Canadian GP,0.0,0.0,2005-06-12,45.5,-73.5228
monteiro,Tiago Monteiro,https://upload.wikimedia.org/wikipedia/commons/thumb/8/88/Tiago_monteiro_spafrancorchamps2014.JPG/800px-Tiago_monteiro_spafrancorchamps2014.JPG,United States GP,6.0,6.0,2005-06-19,39.795,-86.2347
monteiro,Tiago Monteiro,https://upload.wikimedia.org/wikipedia/commons/thumb/8/88/Tiago_monteiro_spafrancorchamps2014.JPG/800px-Tiago_monteiro_spafrancorchamps2014.JPG,French GP,0.0,6.0,2005-07-03,46.8642,3.16361
monteiro,Tiago Monteiro,https://upload.wikimedia.org/wikipedia/commons/thumb/8/88/Tiago_monteiro_spafrancorchamps2014.JPG/800px-Tiago_monteiro_spafrancorchamps2014.JPG,British GP,0.0,6.0,2005-07-10,52.0786,-1.01694
monteiro,Tiago Monteiro,https://upload.wikimedia.org/wikipedia/commons/thumb/8/88/Tiago_monteiro_spafrancorchamps2014.JPG/800px-Tiago_monteiro_spafrancorchamps2014.JPG,German GP,0.0,6.0,2005-07-24,49.3278,8.56583
monteiro,Tiago Monteiro,https://upload.wikimedia.org/wikipedia/commons/thumb/8/88/Tiago_monteiro_spafrancorchamps2014.JPG/800px-Tiago_monteiro_spafrancorchamps2014.JPG,Hungarian GP,0.0,6.0,2005-07-31,47.5789,19.2486
monteiro,Tiago Monteiro,https://upload.wikimedia.org/wikipedia/commons/thumb/8/88/Tiago_monteiro_spafrancorchamps2014.JPG/800px-Tiago_monteiro_spafrancorchamps2014.JPG,Turkish GP,0.0,6.0,2005-08-21,40.9517,29.405
monteiro,Tiago Monteiro,https://upload.wikimedia.org/wikipedia/commons/thumb/8/88/Tiago_monteiro_spafrancorchamps2014.JPG/800px-Tiago_monteiro_spafrancorchamps2014.JPG,Italian GP,0.0,6.0,2005-09-04,45.6156,9.28111
monteiro,Tiago Monteiro,https://upload.wikimedia.org/wikipedia/commons/thumb/8/88/Tiago_monteiro_spafrancorchamps2014.JPG/800px-Tiago_monteiro_spafrancorchamps2014.JPG,Belgian GP,1.0,7.0,2005-09-11,50.4372,5.97139
monteiro,Tiago Monteiro,https://upload.wikimedia.org/wikipedia/commons/thumb/8/88/Tiago_monteiro_spafrancorchamps2014.JPG/800px-Tiago_monteiro_spafrancorchamps2014.JPG,Brazilian GP,0.0,7.0,2005-09-25,-23.7036,-46.6997
monteiro,Tiago Monteiro,https://upload.wikimedia.org/wikipedia/commons/thumb/8/88/Tiago_monteiro_spafrancorchamps2014.JPG/800px-Tiago_monteiro_spafrancorchamps2014.JPG,Japanese GP,0.0,7.0,2005-10-09,34.8431,136.541
monteiro,Tiago Monteiro,https://upload.wikimedia.org/wikipedia/commons/thumb/8/88/Tiago_monteiro_spafrancorchamps2014.JPG/800px-Tiago_monteiro_spafrancorchamps2014.JPG,Chinese GP,0.0,7.0,2005-10-16,31.3389,121.22
wurz,Alexander Wurz,https://images.motorsportstats.com/large/driverProfilePicture/driverProfilePicture-d1184785-8da1-4f1c-9285-b933005e275d.jpg,San Marino GP,6.0,6.0,2005-04-24,44.3439,11.7167
karthikeyan,Narain Karthikeyan,https://images.motorsportstats.com/large/driverProfilePicture/driverProfilePicture-7301addf-eec7-4df9-bf33-78eedbd73472.jpg,Australian GP,0.0,0.0,2005-03-06,-37.8497,144.968
karthikeyan,Narain Karthikeyan,https://images.motorsportstats.com/large/driverProfilePicture/driverProfilePicture-7301addf-eec7-4df9-bf33-78eedbd73472.jpg,Malaysian GP,0.0,0.0,2005-03-20,2.76083,101.738
karthikeyan,Narain Karthikeyan,https://images.motorsportstats.com/large/driverProfilePicture/driverProfilePicture-7301addf-eec7-4df9-bf33-78eedbd73472.jpg,Bahrain GP,0.0,0.0,2005-04-03,26.0325,50.5106
karthikeyan,Narain Karthikeyan,https://images.motorsportstats.com/large/driverProfilePicture/driverProfilePicture-7301addf-eec7-4df9-bf33-78eedbd73472.jpg,San Marino GP,0.0,0.0,2005-04-24,44.3439,11.7167
karthikeyan,Narain Karthikeyan,https://images.motorsportstats.com/large/driverProfilePicture/driverProfilePicture-7301addf-eec7-4df9-bf33-78eedbd73472.jpg,Spanish GP,0.0,0.0,2005-05-08,41.57,2.26111
karthikeyan,Narain Karthikeyan,https://images.motorsportstats.com/large/driverProfilePicture/driverProfilePicture-7301addf-eec7-4df9-bf33-78eedbd73472.jpg,Monaco GP,0.0,0.0,2005-05-22,43.7347,7.42056
karthikeyan,Narain Karthikeyan,https://images.motorsportstats.com/large/driverProfilePicture/driverProfilePicture-7301addf-eec7-4df9-bf33-78eedbd73472.jpg,European GP,0.0,0.0,2005-05-29,50.3356,6.9475
karthikeyan,Narain Karthikeyan,https://images.motorsportstats.com/large/driverProfilePicture/driverProfilePicture-7301addf-eec7-4df9-bf33-78eedbd73472.jpg,Canadian GP,0.0,0.0,2005-06-12,45.5,-73.5228
karthikeyan,Narain Karthikeyan,https://images.motorsportstats.com/large/driverProfilePicture/driverProfilePicture-7301addf-eec7-4df9-bf33-78eedbd73472.jpg,United States GP,5.0,5.0,2005-06-19,39.795,-86.2347
karthikeyan,Narain Karthikeyan,https://images.motorsportstats.com/large/driverProfilePicture/driverProfilePicture-7301addf-eec7-4df9-bf33-78eedbd73472.jpg,French GP,0.0,5.0,2005-07-03,46.8642,3.16361
karthikeyan,Narain Karthikeyan,https://images.motorsportstats.com/large/driverProfilePicture/driverProfilePicture-7301addf-eec7-4df9-bf33-78eedbd73472.jpg,British GP,0.0,5.0,2005-07-10,52.0786,-1.01694
karthikeyan,Narain Karthikeyan,https://images.motorsportstats.com/large/driverProfilePicture/driverProfilePicture-7301addf-eec7-4df9-bf33-78eedbd73472.jpg,German GP,0.0,5.0,2005-07-24,49.3278,8.56583
karthikeyan,Narain Karthikeyan,https://images.motorsportstats.com/large/driverProfilePicture/driverProfilePicture-7301addf-eec7-4df9-bf33-78eedbd73472.jpg,Hungarian GP,0.0,5.0,2005-07-31,47.5789,19.2486
karthikeyan,Narain Karthikeyan,https://images.motorsportstats.com/large/driverProfilePicture/driverProfilePicture-7301addf-eec7-4df9-bf33-78eedbd73472.jpg,Turkish GP,0.0,5.0,2005-08-21,40.9517,29.405
karthikeyan,Narain Karthikeyan,https://images.motorsportstats.com/large/driverProfilePicture/driverProfilePicture-7301addf-eec7-4df9-bf33-78eedbd73472.jpg,Italian GP,0.0,5.0,2005-09-04,45.6156,9.28111
karthikeyan,Narain Karthikeyan,https://images.motorsportstats.com/large/driverProfilePicture/driverProfilePicture-7301addf-eec7-4df9-bf33-78eedbd73472.jpg,Belgian GP,0.0,5.0,2005-09-11,50.4372,5.97139
karthikeyan,Narain Karthikeyan,https://images.motorsportstats.com/large/driverProfilePicture/driverProfilePicture-7301addf-eec7-4df9-bf33-78eedbd73472.jpg,Brazilian GP,0.0,5.0,2005-09-25,-23.7036,-46.6997
karthikeyan,Narain Karthikeyan,https://images.motorsportstats.com/large/driverProfilePicture/driverProfilePicture-7301addf-eec7-4df9-bf33-78eedbd73472.jpg,Japanese GP,0.0,5.0,2005-10-09,34.8431,136.541
karthikeyan,Narain Karthikeyan,https://images.motorsportstats.com/large/driverProfilePicture/driverProfilePicture-7301addf-eec7-4df9-bf33-78eedbd73472.jpg,Chinese GP,0.0,5.0,2005-10-16,31.3389,121.22
rosa,Pedro de la Rosa,https://images.motorsportstats.com/large/driverProfilePicture/driverProfilePicture-5edec345-2242-4e55-801e-769d5ef69f5d.jpg,Bahrain GP,4.0,4.0,2005-04-03,26.0325,50.5106
albers,Christijan Albers,https://images.motorsportstats.com/large/driverProfilePicture/driverProfilePicture-273116f6-38e0-4ae1-aff7-9c89fe0b8279.jpg,Australian GP,0.0,0.0,2005-03-06,-37.8497,144.968
albers,Christijan Albers,https://images.motorsportstats.com/large/driverProfilePicture/driverProfilePicture-273116f6-38e0-4ae1-aff7-9c89fe0b8279.jpg,Malaysian GP,0.0,0.0,2005-03-20,2.76083,101.738
albers,Christijan Albers,https://images.motorsportstats.com/large/driverProfilePicture/driverProfilePicture-273116f6-38e0-4ae1-aff7-9c89fe0b8279.jpg,Bahrain GP,0.0,0.0,2005-04-03,26.0325,50.5106
albers,Christijan Albers,https://images.motorsportstats.com/large/driverProfilePicture/driverProfilePicture-273116f6-38e0-4ae1-aff7-9c89fe0b8279.jpg,San Marino GP,0.0,0.0,2005-04-24,44.3439,11.7167
albers,Christijan Albers,https://images.motorsportstats.com/large/driverProfilePicture/driverProfilePicture-273116f6-38e0-4ae1-aff7-9c89fe0b8279.jpg,Spanish GP,0.0,0.0,2005-05-08,41.57,2.26111
albers,Christijan Albers,https://images.motorsportstats.com/large/driverProfilePicture/driverProfilePicture-273116f6-38e0-4ae1-aff7-9c89fe0b8279.jpg,Monaco GP,0.0,0.0,2005-05-22,43.7347,7.42056
albers,Christijan Albers,https://images.motorsportstats.com/large/driverProfilePicture/driverProfilePicture-273116f6-38e0-4ae1-aff7-9c89fe0b8279.jpg,European GP,0.0,0.0,2005-05-29,50.3356,6.9475
albers,Christijan Albers,https://images.motorsportstats.com/large/driverProfilePicture/driverProfilePicture-273116f6-38e0-4ae1-aff7-9c89fe0b8279.jpg,Canadian GP,0.0,0.0,2005-06-12,45.5,-73.5228
albers,Christijan Albers,https://images.motorsportstats.com/large/driverProfilePicture/driverProfilePicture-273116f6-38e0-4ae1-aff7-9c89fe0b8279.jpg,United States GP,4.0,4.0,2005-06-19,39.795,-86.2347
albers,Christijan Albers,https://images.motorsportstats.com/large/driverProfilePicture/driverProfilePicture-273116f6-38e0-4ae1-aff7-9c89fe0b8279.jpg,French GP,0.0,4.0,2005-07-03,46.8642,3.16361
albers,Christijan Albers,https://images.motorsportstats.com/large/driverProfilePicture/driverProfilePicture-273116f6-38e0-4ae1-aff7-9c89fe0b8279.jpg,British GP,0.0,4.0,2005-07-10,52.0786,-1.01694
albers,Christijan Albers,https://images.motorsportstats.com/large/driverProfilePicture/driverProfilePicture-273116f6-38e0-4ae1-aff7-9c89fe0b8279.jpg,German GP,0.0,4.0,2005-07-24,49.3278,8.56583
albers,Christijan Albers,https://images.motorsportstats.com/large/driverProfilePicture/driverProfilePicture-273116f6-38e0-4ae1-aff7-9c89fe0b8279.jpg,Hungarian GP,0.0,4.0,2005-07-31,47.5789,19.2486
albers,Christijan Albers,https://images.motorsportstats.com/large/driverProfilePicture/driverProfilePicture-273116f6-38e0-4ae1-aff7-9c89fe0b8279.jpg,Turkish GP,0.0,4.0,2005-08-21,40.9517,29.405
albers,Christijan Albers,https://images.motorsportstats.com/large/driverProfilePicture/driverProfilePicture-273116f6-38e0-4ae1-aff7-9c89fe0b8279.jpg,Italian GP,0.0,4.0,2005-09-04,45.6156,9.28111
albers,Christijan Albers,https://images.motorsportstats.com/large/driverProfilePicture/driverProfilePicture-273116f6-38e0-4ae1-aff7-9c89fe0b8279.jpg,Belgian GP,0.0,4.0,2005-09-11,50.4372,5.97139
albers,Christijan Albers,https://images.motorsportstats.com/large/driverProfilePicture/driverProfilePicture-273116f6-38e0-4ae1-aff7-9c89fe0b8279.jpg,Brazilian GP,0.0,4.0,2005-09-25,-23.7036,-46.6997
albers,Christijan Albers,https://images.motorsportstats.com/large/driverProfilePicture/driverProfilePicture-273116f6-38e0-4ae1-aff7-9c89fe0b8279.jpg,Japanese GP,0.0,4.0,2005-10-09,34.8431,136.541
albers,Christijan Albers,https://images.motorsportstats.com/large/driverProfilePicture/driverProfilePicture-273116f6-38e0-4ae1-aff7-9c89fe0b8279.jpg,Chinese GP,0.0,4.0,2005-10-16,31.3389,121.22
friesacher,Patrick Friesacher,https://images.motorsportstats.com/large/driverProfilePicture/driverProfilePicture-fcc1d047-2d79-419f-9e09-d4f10ed01036.jpg,Australian GP,0.0,0.0,2005-03-06,-37.8497,144.968
friesacher,Patrick Friesacher,https://images.motorsportstats.com/large/driverProfilePicture/driverProfilePicture-fcc1d047-2d79-419f-9e09-d4f10ed01036.jpg,Malaysian GP,0.0,0.0,2005-03-20,2.76083,101.738
friesacher,Patrick Friesacher,https://images.motorsportstats.com/large/driverProfilePicture/driverProfilePicture-fcc1d047-2d79-419f-9e09-d4f10ed01036.jpg,Bahrain GP,0.0,0.0,2005-04-03,26.0325,50.5106
friesacher,Patrick Friesacher,https://images.motorsportstats.com/large/driverProfilePicture/driverProfilePicture-fcc1d047-2d79-419f-9e09-d4f10ed01036.jpg,San Marino GP,0.0,0.0,2005-04-24,44.3439,11.7167
friesacher,Patrick Friesacher,https://images.motorsportstats.com/large/driverProfilePicture/driverProfilePicture-fcc1d047-2d79-419f-9e09-d4f10ed01036.jpg,Spanish GP,0.0,0.0,2005-05-08,41.57,2.26111
friesacher,Patrick Friesacher,https://images.motorsportstats.com/large/driverProfilePicture/driverProfilePicture-fcc1d047-2d79-419f-9e09-d4f10ed01036.jpg,Monaco GP,0.0,0.0,2005-05-22,43.7347,7.42056
friesacher,Patrick Friesacher,https://images.motorsportstats.com/large/driverProfilePicture/driverProfilePicture-fcc1d047-2d79-419f-9e09-d4f10ed01036.jpg,European GP,0.0,0.0,2005-05-29,50.3356,6.9475
friesacher,Patrick Friesacher,https://images.motorsportstats.com/large/driverProfilePicture/driverProfilePicture-fcc1d047-2d79-419f-9e09-d4f10ed01036.jpg,Canadian GP,0.0,0.0,2005-06-12,45.5,-73.5228
friesacher,Patrick Friesacher,https://images.motorsportstats.com/large/driverProfilePicture/driverProfilePicture-fcc1d047-2d79-419f-9e09-d4f10ed01036.jpg,United States GP,3.0,3.0,2005-06-19,39.795,-86.2347
friesacher,Patrick Friesacher,https://images.motorsportstats.com/large/driverProfilePicture/driverProfilePicture-fcc1d047-2d79-419f-9e09-d4f10ed01036.jpg,French GP,0.0,3.0,2005-07-03,46.8642,3.16361
friesacher,Patrick Friesacher,https://images.motorsportstats.com/large/driverProfilePicture/driverProfilePicture-fcc1d047-2d79-419f-9e09-d4f10ed01036.jpg,British GP,0.0,3.0,2005-07-10,52.0786,-1.01694
pizzonia,Antônio Pizzonia,https://images.motorsportstats.com/large/driverProfilePicture/driverProfilePicture-b194ab21-8e36-4b39-b218-50798014a659.jpg,Italian GP,2.0,2.0,2005-09-04,45.6156,9.28111
pizzonia,Antônio Pizzonia,https://images.motorsportstats.com/large/driverProfilePicture/driverProfilePicture-b194ab21-8e36-4b39-b218-50798014a659.jpg,Belgian GP,0.0,2.0,2005-09-11,50.4372,5.97139
pizzonia,Antônio Pizzonia,https://images.motorsportstats.com/large/driverProfilePicture/driverProfilePicture-b194ab21-8e36-4b39-b218-50798014a659.jpg,Brazilian GP,0.0,2.0,2005-09-25,-23.7036,-46.6997
pizzonia,Antônio Pizzonia,https://images.motorsportstats.com/large/driverProfilePicture/driverProfilePicture-b194ab21-8e36-4b39-b218-50798014a659.jpg,Japanese GP,0.0,2.0,2005-10-09,34.8431,136.541
pizzonia,Antônio Pizzonia,https://images.motorsportstats.com/large/driverProfilePicture/driverProfilePicture-b194ab21-8e36-4b39-b218-50798014a659.jpg,Chinese GP,0.0,2.0,2005-10-16,31.3389,121.22
sato,Takuma Sato,https://driverdb.com/_next/image?url=https%3A%2F%2Fassets.driverdb.com%2Fdrivers%2Fprofile%2F12_baa0df5d5b1a4a1e854e.jpg&w=256&q=75,Australian GP,0.0,0.0,2005-03-06,-37.8497,144.968
sato,Takuma Sato,https://driverdb.com/_next/image?url=https%3A%2F%2Fassets.driverdb.com%2Fdrivers%2Fprofile%2F12_baa0df5d5b1a4a1e854e.jpg&w=256&q=75,Bahrain GP,0.0,0.0,2005-04-03,26.0325,50.5106
sato,Takuma Sato,https://driverdb.com/_next/image?url=https%3A%2F%2Fassets.driverdb.com%2Fdrivers%2Fprofile%2F12_baa0df5d5b1a4a1e854e.jpg&w=256&q=75,San Marino GP,0.0,0.0,2005-04-24,44.3439,11.7167
sato,Takuma Sato,https://driverdb.com/_next/image?url=https%3A%2F%2Fassets.driverdb.com%2Fdrivers%2Fprofile%2F12_baa0df5d5b1a4a1e854e.jpg&w=256&q=75,European GP,0.0,0.0,2005-05-29,50.3356,6.9475
sato,Takuma Sato,https://driverdb.com/_next/image?url=https%3A%2F%2Fassets.driverdb.com%2Fdrivers%2Fprofile%2F12_baa0df5d5b1a4a1e854e.jpg&w=256&q=75,Canadian GP,0.0,0.0,2005-06-12,45.5,-73.5228
sato,Takuma Sato,https://driverdb.com/_next/image?url=https%3A%2F%2Fassets.driverdb.com%2Fdrivers%2Fprofile%2F12_baa0df5d5b1a4a1e854e.jpg&w=256&q=75,United States GP,0.0,0.0,2005-06-19,39.795,-86.2347
sato,Takuma Sato,https://driverdb.com/_next/image?url=https%3A%2F%2Fassets.driverdb.com%2Fdrivers%2Fprofile%2F12_baa0df5d5b1a4a1e854e.jpg&w=256&q=75,French GP,0.0,0.0,2005-07-03,46.8642,3.16361
sato,Takuma Sato,https://driverdb.com/_next/image?url=https%3A%2F%2Fassets.driverdb.com%2Fdrivers%2Fprofile%2F12_baa0df5d5b1a4a1e854e.jpg&w=256&q=75,British GP,0.0,0.0,2005-07-10,52.0786,-1.01694
sato,Takuma Sato,https://driverdb.com/_next/image?url=https%3A%2F%2Fassets.driverdb.com%2Fdrivers%2Fprofile%2F12_baa0df5d5b1a4a1e854e.jpg&w=256&q=75,German GP,0.0,0.0,2005-07-24,49.3278,8.56583
sato,Takuma Sato,https://driverdb.com/_next/image?url=https%3A%2F%2Fassets.driverdb.com%2Fdrivers%2Fprofile%2F12_baa0df5d5b1a4a1e854e.jpg&w=256&q=75,Hungarian GP,1.0,1.0,2005-07-31,47.5789,19.2486
sato,Takuma Sato,https://driverdb.com/_next/image?url=https%3A%2F%2Fassets.driverdb.com%2Fdrivers%2Fprofile%2F12_baa0df5d5b1a4a1e854e.jpg&w=256&q=75,Turkish GP,0.0,1.0,2005-08-21,40.9517,29.405
sato,Takuma Sato,https://driverdb.com/_next/image?url=https%3A%2F%2Fassets.driverdb.com%2Fdrivers%2Fprofile%2F12_baa0df5d5b1a4a1e854e.jpg&w=256&q=75,Italian GP,0.0,1.0,2005-09-04,45.6156,9.28111
sato,Takuma Sato,https://driverdb.com/_next/image?url=https%3A%2F%2Fassets.driverdb.com%2Fdrivers%2Fprofile%2F12_baa0df5d5b1a4a1e854e.jpg&w=256&q=75,Belgian GP,0.0,1.0,2005-09-11,50.4372,5.97139
sato,Takuma Sato,https://driverdb.com/_next/image?url=https%3A%2F%2Fassets.driverdb.com%2Fdrivers%2Fprofile%2F12_baa0df5d5b1a4a1e854e.jpg&w=256&q=75,Brazilian GP,0.0,1.0,2005-09-25,-23.7036,-46.6997
sato,Takuma Sato,https://driverdb.com/_next/image?url=https%3A%2F%2Fassets.driverdb.com%2Fdrivers%2Fprofile%2F12_baa0df5d5b1a4a1e854e.jpg&w=256&q=75,Japanese GP,0.0,1.0,2005-10-09,34.8431,136.541
sato,Takuma Sato,https://driverdb.com/_next/image?url=https%3A%2F%2Fassets.driverdb.com%2Fdrivers%2Fprofile%2F12_baa0df5d5b1a4a1e854e.jpg&w=256&q=75,Chinese GP,0.0,1.0,2005-10-16,31.3389,121.22
liuzzi,Vitantonio Liuzzi,https://images.motorsportstats.com/large/driverProfilePicture/driverProfilePicture-6e9c9f91-2c12-4a5e-9b48-f0698061597a.jpg,San Marino GP,1.0,1.0,2005-04-24,44.3439,11.7167
liuzzi,Vitantonio Liuzzi,https://images.motorsportstats.com/large/driverProfilePicture/driverProfilePicture-6e9c9f91-2c12-4a5e-9b48-f0698061597a.jpg,Spanish GP,0.0,1.0,2005-05-08,41.57,2.26111
liuzzi,Vitantonio Liuzzi,https://images.motorsportstats.com/large/driverProfilePicture/driverProfilePicture-6e9c9f91-2c12-4a5e-9b48-f0698061597a.jpg,Monaco GP,0.0,1.0,2005-05-22,43.7347,7.42056
liuzzi,Vitantonio Liuzzi,https://images.motorsportstats.com/large/driverProfilePicture/driverProfilePicture-6e9c9f91-2c12-4a5e-9b48-f0698061597a.jpg,European GP,0.0,1.0,2005-05-29,50.3356,6.9475
doornbos,Robert Doornbos,https://images.motorsportstats.com/large/driverProfilePicture/driverProfilePicture-d8d5ffdc-e03a-4cfb-94db-80a88d94a07f.jpg,German GP,0.0,0.0,2005-07-24,49.3278,8.56583
doornbos,Robert Doornbos,https://images.motorsportstats.com/large/driverProfilePicture/driverProfilePicture-d8d5ffdc-e03a-4cfb-94db-80a88d94a07f.jpg,Hungarian GP,0.0,0.0,2005-07-31,47.5789,19.2486
doornbos,Robert Doornbos,https://images.motorsportstats.com/large/driverProfilePicture/driverProfilePicture-d8d5ffdc-e03a-4cfb-94db-80a88d94a07f.jpg,Turkish GP,0.0,0.0,2005-08-21,40.9517,29.405
doornbos,Robert Doornbos,https://images.motorsportstats.com/large/driverProfilePicture/driverProfilePicture-d8d5ffdc-e03a-4cfb-94db-80a88d94a07f.jpg,Italian GP,0.0,0.0,2005-09-04,45.6156,9.28111
doornbos,Robert Doornbos,https://images.motorsportstats.com/large/driverProfilePicture/driverProfilePicture-d8d5ffdc-e03a-4cfb-94db-80a88d94a07f.jpg,Belgian GP,0.0,0.0,2005-09-11,50.4372,5.97139
doornbos,Robert Doornbos,https://images.motorsportstats.com/large/driverProfilePicture/driverProfilePicture-d8d5ffdc-e03a-4cfb-94db-80a88d94a07f.jpg,Brazilian GP,0.0,0.0,2005-09-25,-23.7036,-46.6997
doornbos,Robert Doornbos,https://images.motorsportstats.com/large/driverProfilePicture/driverProfilePicture-d8d5ffdc-e03a-4cfb-94db-80a88d94a07f.jpg,Japanese GP,0.0,0.0,2005-10-09,34.8431,136.541
doornbos,Robert Doornbos,https://images.motorsportstats.com/large/driverProfilePicture/driverProfilePicture-d8d5ffdc-e03a-4cfb-94db-80a88d94a07f.jpg,Chinese GP,0.0,0.0,2005-10-16,31.3389,121.22
davidson,Anthony Davidson,https://images.motorsportstats.com/large/driverProfilePicture/driverProfilePicture-876d1934-11db-421d-be1a-39696eb5b8e6.jpg,Malaysian GP,0.0,0.0,2005-03-20,2.76083,101.738
zonta,Ricardo Zonta,https://images.motorsportstats.com/large/driverProfilePicture/driverProfilePicture-92840fae-c893-433a-8b35-a06d59863c6d.jpg,United States GP,0.0,0.0,2005-06-19,39.795,-86.2347
