season,round,raceName,raceId,url,date,circuitId,course_length_km
2001,1,Australian Grand Prix,Australian Grand Prix 2001,http://en.wikipedia.org/wiki/2001_Australian_Grand_Prix,2001-03-04,albert_park,5.303
2001,2,Malaysian Grand Prix,Malaysian Grand Prix 2001,http://en.wikipedia.org/wiki/2001_Malaysian_Grand_Prix,2001-03-18,sepang,5.543
2001,3,Brazilian Grand Prix,Brazilian Grand Prix 2001,http://en.wikipedia.org/wiki/2001_Brazilian_Grand_Prix,2001-04-01,interlagos,4.309
2001,4,San Marino Grand Prix,San Marino Grand Prix 2001,http://en.wikipedia.org/wiki/2001_San_Marino_Grand_Prix,2001-04-15,imola,4.933
2001,5,Spanish Grand Prix,Spanish Grand Prix 2001,http://en.wikipedia.org/wiki/2001_Spanish_Grand_Prix,2001-04-29,catalunya,4.73
2001,6,Austrian Grand Prix,Austrian Grand Prix 2001,http://en.wikipedia.org/wiki/2001_Austrian_Grand_Prix,2001-05-13,red_bull_ring,4.326
2001,7,Monaco Grand Prix,Monaco Grand Prix 2001,http://en.wikipedia.org/wiki/2001_Monaco_Grand_Prix,2001-05-27,monaco,3.37
2001,8,Canadian Grand Prix,Canadian Grand Prix 2001,http://en.wikipedia.org/wiki/2001_Canadian_Grand_Prix,2001-06-10,villeneuve,4.421
2001,9,European Grand Prix,European Grand Prix 2001,http://en.wikipedia.org/wiki/2001_European_Grand_Prix,2001-06-24,nurburgring,4.556
2001,10,French Grand Prix,French Grand Prix 2001,http://en.wikipedia.org/wiki/2001_French_Grand_Prix,2001-07-01,magny_cours,4.251
2001,11,British Grand Prix,British Grand Prix 2001,http://en.wikipedia.org/wiki/2001_British_Grand_Prix,2001-07-15,silverstone,5.14
2001,12,German Grand Prix,German Grand Prix 2001,http://en.wikipedia.org/wiki/2001_German_Grand_Prix,2001-07-29,hockenheimring,6.825
2001,13,Hungarian Grand Prix,Hungarian Grand Prix 2001,http://en.wikipedia.org/wiki/2001_Hungarian_Grand_Prix,2001-08-19,hungaroring,3.975
2001,14,Belgian Grand Prix,Belgian Grand Prix 2001,http://en.wikipedia.org/wiki/2001_Belgian_Grand_Prix,2001-09-02,spa,6.968
2001,15,Italian Grand Prix,Italian Grand Prix 2001,http://en.wikipedia.org/wiki/2001_Italian_Grand_Prix,2001-09-16,monza,5.793
2001,16,United States Grand Prix,United States Grand Prix 2001,http://en.wikipedia.org/wiki/2001_United_States_Grand_Prix,2001-09-30,indianapolis,4.192
2001,17,Japanese Grand Prix,Japanese Grand Prix 2001,http://en.wikipedia.org/wiki/2001_Japanese_Grand_Prix,2001-10-14,suzuka,5.859
2002,1,Australian Grand Prix,Australian Grand Prix 2002,http://en.wikipedia.org/wiki/2002_Australian_Grand_Prix,2002-03-03,albert_park,5.303
2002,2,Malaysian Grand Prix,Malaysian Grand Prix 2002,http://en.wikipedia.org/wiki/2002_Malaysian_Grand_Prix,2002-03-17,sepang,5.543
2002,3,Brazilian Grand Prix,Brazilian Grand Prix 2002,http://en.wikipedia.org/wiki/2002_Brazilian_Grand_Prix,2002-03-31,interlagos,4.309
2002,4,San Marino Grand Prix,San Marino Grand Prix 2002,http://en.wikipedia.org/wiki/2002_San_Marino_Grand_Prix,2002-04-14,imola,4.933
2002,5,Spanish Grand Prix,Spanish Grand Prix 2002,http://en.wikipedia.org/wiki/2002_Spanish_Grand_Prix,2002-04-28,catalunya,4.73
2002,6,Austrian Grand Prix,Austrian Grand Prix 2002,http://en.wikipedia.org/wiki/2002_Austrian_Grand_Prix,2002-05-12,red_bull_ring,4.326
2002,7,Monaco Grand Prix,Monaco Grand Prix 2002,http://en.wikipedia.org/wiki/2002_Monaco_Grand_Prix,2002-05-26,monaco,3.37
2002,8,Canadian Grand Prix,Canadian Grand Prix 2002,http://en.wikipedia.org/wiki/2002_Canadian_Grand_Prix,2002-06-09,villeneuve,4.361
2002,9,European Grand Prix,European Grand Prix 2002,http://en.wikipedia.org/wiki/2002_European_Grand_Prix,2002-06-23,nurburgring,5.148
2002,10,British Grand Prix,British Grand Prix 2002,http://en.wikipedia.org/wiki/2002_British_Grand_Prix,2002-07-07,silverstone,5.141
2002,11,French Grand Prix,French Grand Prix 2002,http://en.wikipedia.org/wiki/2002_French_Grand_Prix,2002-07-21,magny_cours,4.251
2002,12,German Grand Prix,German Grand Prix 2002,http://en.wikipedia.org/wiki/2002_German_Grand_Prix,2002-07-28,hockenheimring,4.574
2002,13,Hungarian Grand Prix,Hungarian Grand Prix 2002,http://en.wikipedia.org/wiki/2002_Hungarian_Grand_Prix,2002-08-18,hungaroring,3.975
2002,14,Belgian Grand Prix,Belgian Grand Prix 2002,http://en.wikipedia.org/wiki/2002_Belgian_Grand_Prix,2002-09-01,spa,6.968
2002,15,Italian Grand Prix,Italian Grand Prix 2002,http://en.wikipedia.org/wiki/2002_Italian_Grand_Prix,2002-09-15,monza,5.793
2002,16,United States Grand Prix,United States Grand Prix 2002,http://en.wikipedia.org/wiki/2002_United_States_Grand_Prix,2002-09-29,indianapolis,4.192
2002,17,Japanese Grand Prix,Japanese Grand Prix 2002,http://en.wikipedia.org/wiki/2002_Japanese_Grand_Prix,2002-10-13,suzuka,5.821
2003,1,Australian Grand Prix,Australian Grand Prix 2003,http://en.wikipedia.org/wiki/2003_Australian_Grand_Prix,2003-03-09,albert_park,5.303
2003,2,Malaysian Grand Prix,Malaysian Grand Prix 2003,http://en.wikipedia.org/wiki/2003_Malaysian_Grand_Prix,2003-03-23,sepang,5.543
2003,3,Brazilian Grand Prix,Brazilian Grand Prix 2003,http://en.wikipedia.org/wiki/2003_Brazilian_Grand_Prix,2003-04-06,interlagos,4.309
2003,4,San Marino Grand Prix,San Marino Grand Prix 2003,http://en.wikipedia.org/wiki/2003_San_Marino_Grand_Prix,2003-04-20,imola,4.933
2003,5,Spanish Grand Prix,Spanish Grand Prix 2003,http://en.wikipedia.org/wiki/2003_Spanish_Grand_Prix,2003-05-04,catalunya,4.73
2003,6,Austrian Grand Prix,Austrian Grand Prix 2003,http://en.wikipedia.org/wiki/2003_Austrian_Grand_Prix,2003-05-18,red_bull_ring,4.326
2003,7,Monaco Grand Prix,Monaco Grand Prix 2003,http://en.wikipedia.org/wiki/2003_Monaco_Grand_Prix,2003-06-01,monaco,3.34
2003,8,Canadian Grand Prix,Canadian Grand Prix 2003,http://en.wikipedia.org/wiki/2003_Canadian_Grand_Prix,2003-06-15,villeneuve,4.361
2003,9,European Grand Prix,European Grand Prix 2003,http://en.wikipedia.org/wiki/2003_European_Grand_Prix,2003-06-29,nurburgring,5.148
2003,10,French Grand Prix,French Grand Prix 2003,http://en.wikipedia.org/wiki/2003_French_Grand_Prix,2003-07-06,magny_cours,4.411
2003,11,British Grand Prix,British Grand Prix 2003,http://en.wikipedia.org/wiki/2003_British_Grand_Prix,2003-07-20,silverstone,5.141
2003,12,German Grand Prix,German Grand Prix 2003,http://en.wikipedia.org/wiki/2003_German_Grand_Prix,2003-08-03,hockenheimring,4.574
2003,13,Hungarian Grand Prix,Hungarian Grand Prix 2003,http://en.wikipedia.org/wiki/2003_Hungarian_Grand_Prix,2003-08-24,hungaroring,4.381
2003,14,Italian Grand Prix,Italian Grand Prix 2003,http://en.wikipedia.org/wiki/2003_Italian_Grand_Prix,2003-09-14,monza,5.793
2003,15,United States Grand Prix,United States Grand Prix 2003,http://en.wikipedia.org/wiki/2003_United_States_Grand_Prix,2003-09-28,indianapolis,4.192
2003,16,Japanese Grand Prix,Japanese Grand Prix 2003,http://en.wikipedia.org/wiki/2003_Japanese_Grand_Prix,2003-10-12,suzuka,5.807
2004,1,Australian Grand Prix,Australian Grand Prix 2004,http://en.wikipedia.org/wiki/2004_Australian_Grand_Prix,2004-03-07,albert_park,5.303
2004,2,Malaysian Grand Prix,Malaysian Grand Prix 2004,http://en.wikipedia.org/wiki/2004_Malaysian_Grand_Prix,2004-03-21,sepang,5.543
2004,3,Bahrain Grand Prix,Bahrain Grand Prix 2004,http://en.wikipedia.org/wiki/2004_Bahrain_Grand_Prix,2004-04-04,bahrain,5.417
2004,4,San Marino Grand Prix,San Marino Grand Prix 2004,http://en.wikipedia.org/wiki/2004_San_Marino_Grand_Prix,2004-04-25,imola,4.933
2004,5,Spanish Grand Prix,Spanish Grand Prix 2004,http://en.wikipedia.org/wiki/2004_Spanish_Grand_Prix,2004-05-09,catalunya,4.627
2004,6,Monaco Grand Prix,Monaco Grand Prix 2004,http://en.wikipedia.org/wiki/2004_Monaco_Grand_Prix,2004-05-23,monaco,3.34
2004,7,European Grand Prix,European Grand Prix 2004,http://en.wikipedia.org/wiki/2004_European_Grand_Prix,2004-05-30,nurburgring,5.148
2004,8,Canadian Grand Prix,Canadian Grand Prix 2004,http://en.wikipedia.org/wiki/2004_Canadian_Grand_Prix,2004-06-13,villeneuve,4.361
2004,9,United States Grand Prix,United States Grand Prix 2004,http://en.wikipedia.org/wiki/2004_United_States_Grand_Prix,2004-06-20,indianapolis,4.195
2004,10,French Grand Prix,French Grand Prix 2004,http://en.wikipedia.org/wiki/2004_French_Grand_Prix,2004-07-04,magny_cours,4.411
2004,11,British Grand Prix,British Grand Prix 2004,http://en.wikipedia.org/wiki/2004_British_Grand_Prix,2004-07-11,silverstone,5.141
2004,12,German Grand Prix,German Grand Prix 2004,http://en.wikipedia.org/wiki/2004_German_Grand_Prix,2004-07-25,hockenheimring,4.574
2004,13,Hungarian Grand Prix,Hungarian Grand Prix 2004,http://en.wikipedia.org/wiki/2004_Hungarian_Grand_Prix,2004-08-15,hungaroring,4.381
2004,14,Belgian Grand Prix,Belgian Grand Prix 2004,http://en.wikipedia.org/wiki/2004_Belgian_Grand_Prix,2004-08-29,spa,6.976
2004,15,Italian Grand Prix,Italian Grand Prix 2004,http://en.wikipedia.org/wiki/2004_Italian_Grand_Prix,2004-09-12,monza,5.793
2004,16,Chinese Grand Prix,Chinese Grand Prix 2004,http://en.wikipedia.org/wiki/2004_Chinese_Grand_Prix,2004-09-26,shanghai,5.451
2004,17,Japanese Grand Prix,Japanese Grand Prix 2004,http://en.wikipedia.org/wiki/2004_Japanese_Grand_Prix,2004-10-10,suzuka,5.807
2004,18,Brazilian Grand Prix,Brazilian Grand Prix 2004,http://en.wikipedia.org/wiki/2004_Brazilian_Grand_Prix,2004-10-24,interlagos,4.309
2005,1,Australian Grand Prix,Australian Grand Prix 2005,http://en.wikipedia.org/wiki/2005_Australian_Grand_Prix,2005-03-06,albert_park,5.303
2005,2,Malaysian Grand Prix,Malaysian Grand Prix 2005,http://en.wikipedia.org/wiki/2005_Malaysian_Grand_Prix,2005-03-20,sepang,5.543
2005,3,Bahrain Grand Prix,Bahrain Grand Prix 2005,http://en.wikipedia.org/wiki/2005_Bahrain_Grand_Prix,2005-04-03,bahrain,5.412
2005,4,San Marino Grand Prix,San Marino Grand Prix 2005,http://en.wikipedia.org/wiki/2005_San_Marino_Grand_Prix,2005-04-24,imola,4.933
2005,5,Spanish Grand Prix,Spanish Grand Prix 2005,http://en.wikipedia.org/wiki/2005_Spanish_Grand_Prix,2005-05-08,catalunya,4.627
2005,6,Monaco Grand Prix,Monaco Grand Prix 2005,http://en.wikipedia.org/wiki/2005_Monaco_Grand_Prix,2005-05-22,monaco,3.34
2005,7,European Grand Prix,European Grand Prix 2005,http://en.wikipedia.org/wiki/2005_European_Grand_Prix,2005-05-29,nurburgring,5.148
2005,8,Canadian Grand Prix,Canadian Grand Prix 2005,http://en.wikipedia.org/wiki/2005_Canadian_Grand_Prix,2005-06-12,villeneuve,4.361
2005,9,United States Grand Prix,United States Grand Prix 2005,http://en.wikipedia.org/wiki/2005_United_States_Grand_Prix,2005-06-19,indianapolis,4.192
2005,10,French Grand Prix,French Grand Prix 2005,http://en.wikipedia.org/wiki/2005_French_Grand_Prix,2005-07-03,magny_cours,4.411
2005,11,British Grand Prix,British Grand Prix 2005,http://en.wikipedia.org/wiki/2005_British_Grand_Prix,2005-07-10,silverstone,5.141
2005,12,German Grand Prix,German Grand Prix 2005,http://en.wikipedia.org/wiki/2005_German_Grand_Prix,2005-07-24,hockenheimring,4.574
2005,13,Hungarian Grand Prix,Hungarian Grand Prix 2005,http://en.wikipedia.org/wiki/2005_Hungarian_Grand_Prix,2005-07-31,hungaroring,4.381
2005,14,Turkish Grand Prix,Turkish Grand Prix 2005,http://en.wikipedia.org/wiki/2005_Turkish_Grand_Prix,2005-08-21,istanbul,5.34
2005,15,Italian Grand Prix,Italian Grand Prix 2005,http://en.wikipedia.org/wiki/2005_Italian_Grand_Prix,2005-09-04,monza,5.793
2005,16,Belgian Grand Prix,Belgian Grand Prix 2005,http://en.wikipedia.org/wiki/2005_Belgian_Grand_Prix,2005-09-11,spa,6.976
2005,17,Brazilian Grand Prix,Brazilian Grand Prix 2005,http://en.wikipedia.org/wiki/2005_Brazilian_Grand_Prix,2005-09-25,interlagos,4.309
2005,18,Japanese Grand Prix,Japanese Grand Prix 2005,http://en.wikipedia.org/wiki/2005_Japanese_Grand_Prix,2005-10-09,suzuka,5.807
2005,19,Chinese Grand Prix,Chinese Grand Prix 2005,http://en.wikipedia.org/wiki/2005_Chinese_Grand_Prix,2005-10-16,shanghai,5.451
2006,1,Bahrain Grand Prix,Bahrain Grand Prix 2006,http://en.wikipedia.org/wiki/2006_Bahrain_Grand_Prix,2006-03-12,bahrain,5.412
2006,2,Malaysian Grand Prix,Malaysian Grand Prix 2006,http://en.wikipedia.org/wiki/2006_Malaysian_Grand_Prix,2006-03-19,sepang,5.543
2006,3,Australian Grand Prix,Australian Grand Prix 2006,http://en.wikipedia.org/wiki/2006_Australian_Grand_Prix,2006-04-02,albert_park,5.303
2006,4,San Marino Grand Prix,San Marino Grand Prix 2006,http://en.wikipedia.org/wiki/2006_San_Marino_Grand_Prix,2006-04-23,imola,4.933
2006,5,European Grand Prix,European Grand Prix 2006,http://en.wikipedia.org/wiki/2006_European_Grand_Prix,2006-05-07,nurburgring,5.148
2006,6,Spanish Grand Prix,Spanish Grand Prix 2006,http://en.wikipedia.org/wiki/2006_Spanish_Grand_Prix,2006-05-14,catalunya,4.627
2006,7,Monaco Grand Prix,Monaco Grand Prix 2006,http://en.wikipedia.org/wiki/2006_Monaco_Grand_Prix,2006-05-28,monaco,3.34
2006,8,British Grand Prix,British Grand Prix 2006,http://en.wikipedia.org/wiki/2006_British_Grand_Prix,2006-06-11,silverstone,5.141
2006,9,Canadian Grand Prix,Canadian Grand Prix 2006,http://en.wikipedia.org/wiki/2006_Canadian_Grand_Prix,2006-06-25,villeneuve,4.361
2006,10,United States Grand Prix,United States Grand Prix 2006,http://en.wikipedia.org/wiki/2006_United_States_Grand_Prix,2006-07-02,indianapolis,4.195
2006,11,French Grand Prix,French Grand Prix 2006,http://en.wikipedia.org/wiki/2006_French_Grand_Prix,2006-07-16,magny_cours,4.411
2006,12,German Grand Prix,German Grand Prix 2006,http://en.wikipedia.org/wiki/2006_German_Grand_Prix,2006-07-30,hockenheimring,4.574
2006,13,Hungarian Grand Prix,Hungarian Grand Prix 2006,http://en.wikipedia.org/wiki/2006_Hungarian_Grand_Prix,2006-08-06,hungaroring,4.381
2006,14,Turkish Grand Prix,Turkish Grand Prix 2006,http://en.wikipedia.org/wiki/2006_Turkish_Grand_Prix,2006-08-27,istanbul,5.338
2006,15,Italian Grand Prix,Italian Grand Prix 2006,http://en.wikipedia.org/wiki/2006_Italian_Grand_Prix,2006-09-10,monza,5.793
2006,16,Chinese Grand Prix,Chinese Grand Prix 2006,http://en.wikipedia.org/wiki/2006_Chinese_Grand_Prix,2006-10-01,shanghai,5.451
2006,17,Japanese Grand Prix,Japanese Grand Prix 2006,http://en.wikipedia.org/wiki/2006_Japanese_Grand_Prix,2006-10-08,suzuka,5.807
2006,18,Brazilian Grand Prix,Brazilian Grand Prix 2006,http://en.wikipedia.org/wiki/2006_Brazilian_Grand_Prix,2006-10-22,interlagos,4.309
2007,1,Australian Grand Prix,Australian Grand Prix 2007,http://en.wikipedia.org/wiki/2007_Australian_Grand_Prix,2007-03-18,albert_park,5.303
2007,2,Malaysian Grand Prix,Malaysian Grand Prix 2007,http://en.wikipedia.org/wiki/2007_Malaysian_Grand_Prix,2007-04-08,sepang,5.543
2007,3,Bahrain Grand Prix,Bahrain Grand Prix 2007,http://en.wikipedia.org/wiki/2007_Bahrain_Grand_Prix,2007-04-15,bahrain,5.412
2007,4,Spanish Grand Prix,Spanish Grand Prix 2007,http://en.wikipedia.org/wiki/2007_Spanish_Grand_Prix,2007-05-13,catalunya,4.655
2007,5,Monaco Grand Prix,Monaco Grand Prix 2007,http://en.wikipedia.org/wiki/2007_Monaco_Grand_Prix,2007-05-27,monaco,3.34
2007,6,Canadian Grand Prix,Canadian Grand Prix 2007,http://en.wikipedia.org/wiki/2007_Canadian_Grand_Prix,2007-06-10,villeneuve,4.361
2007,7,United States Grand Prix,United States Grand Prix 2007,http://en.wikipedia.org/wiki/2007_United_States_Grand_Prix,2007-06-17,indianapolis,4.192
2007,8,French Grand Prix,French Grand Prix 2007,http://en.wikipedia.org/wiki/2007_French_Grand_Prix,2007-07-01,magny_cours,4.411
2007,9,British Grand Prix,British Grand Prix 2007,http://en.wikipedia.org/wiki/2007_British_Grand_Prix,2007-07-08,silverstone,5.141
2007,10,European Grand Prix,European Grand Prix 2007,http://en.wikipedia.org/wiki/2007_European_Grand_Prix,2007-07-22,nurburgring,5.148
2007,11,Hungarian Grand Prix,Hungarian Grand Prix 2007,http://en.wikipedia.org/wiki/2007_Hungarian_Grand_Prix,2007-08-05,hungaroring,4.381
2007,12,Turkish Grand Prix,Turkish Grand Prix 2007,http://en.wikipedia.org/wiki/2007_Turkish_Grand_Prix,2007-08-26,istanbul,5.338
2007,13,Italian Grand Prix,Italian Grand Prix 2007,http://en.wikipedia.org/wiki/2007_Italian_Grand_Prix,2007-09-09,monza,5.793
2007,14,Belgian Grand Prix,Belgian Grand Prix 2007,http://en.wikipedia.org/wiki/2007_Belgian_Grand_Prix,2007-09-16,spa,7.004
2007,15,Japanese Grand Prix,Japanese Grand Prix 2007,http://en.wikipedia.org/wiki/2007_Japanese_Grand_Prix,2007-09-30,fuji,4.563
2007,16,Chinese Grand Prix,Chinese Grand Prix 2007,http://en.wikipedia.org/wiki/2007_Chinese_Grand_Prix,2007-10-07,shanghai,5.451
2007,17,Brazilian Grand Prix,Brazilian Grand Prix 2007,http://en.wikipedia.org/wiki/2007_Brazilian_Grand_Prix,2007-10-21,interlagos,4.309
2008,1,Australian Grand Prix,Australian Grand Prix 2008,http://en.wikipedia.org/wiki/2008_Australian_Grand_Prix,2008-03-16,albert_park,5.303
2008,2,Malaysian Grand Prix,Malaysian Grand Prix 2008,http://en.wikipedia.org/wiki/2008_Malaysian_Grand_Prix,2008-03-23,sepang,5.543
2008,3,Bahrain Grand Prix,Bahrain Grand Prix 2008,http://en.wikipedia.org/wiki/2008_Bahrain_Grand_Prix,2008-04-06,bahrain,5.412
2008,4,Spanish Grand Prix,Spanish Grand Prix 2008,http://en.wikipedia.org/wiki/2008_Spanish_Grand_Prix,2008-04-27,catalunya,4.655
2008,5,Turkish Grand Prix,Turkish Grand Prix 2008,http://en.wikipedia.org/wiki/2008_Turkish_Grand_Prix,2008-05-11,istanbul,5.338
2008,6,Monaco Grand Prix,Monaco Grand Prix 2008,http://en.wikipedia.org/wiki/2008_Monaco_Grand_Prix,2008-05-25,monaco,3.34
2008,7,Canadian Grand Prix,Canadian Grand Prix 2008,http://en.wikipedia.org/wiki/2008_Canadian_Grand_Prix,2008-06-08,villeneuve,4.361
2008,8,French Grand Prix,French Grand Prix 2008,http://en.wikipedia.org/wiki/2008_French_Grand_Prix,2008-06-22,magny_cours,4.411
2008,9,British Grand Prix,British Grand Prix 2008,http://en.wikipedia.org/wiki/2008_British_Grand_Prix,2008-07-06,silverstone,5.141
2008,10,German Grand Prix,German Grand Prix 2008,http://en.wikipedia.org/wiki/2008_German_Grand_Prix,2008-07-20,hockenheimring,4.574
2008,11,Hungarian Grand Prix,Hungarian Grand Prix 2008,http://en.wikipedia.org/wiki/2008_Hungarian_Grand_Prix,2008-08-03,hungaroring,4.381
2008,12,European Grand Prix,European Grand Prix 2008,http://en.wikipedia.org/wiki/2008_European_Grand_Prix,2008-08-24,valencia,5.419
2008,13,Belgian Grand Prix,Belgian Grand Prix 2008,http://en.wikipedia.org/wiki/2008_Belgian_Grand_Prix,2008-09-07,spa,7.004
2008,14,Italian Grand Prix,Italian Grand Prix 2008,http://en.wikipedia.org/wiki/2008_Italian_Grand_Prix,2008-09-14,monza,5.793
2008,15,Singapore Grand Prix,Singapore Grand Prix 2008,http://en.wikipedia.org/wiki/2008_Singapore_Grand_Prix,2008-09-28,marina_bay,5.067
2008,16,Japanese Grand Prix,Japanese Grand Prix 2008,http://en.wikipedia.org/wiki/2008_Japanese_Grand_Prix,2008-10-12,fuji,4.563
2008,17,Chinese Grand Prix,Chinese Grand Prix 2008,http://en.wikipedia.org/wiki/2008_Chinese_Grand_Prix,2008-10-19,shanghai,5.451
2008,18,Brazilian Grand Prix,Brazilian Grand Prix 2008,http://en.wikipedia.org/wiki/2008_Brazilian_Grand_Prix,2008-11-02,interlagos,4.309
2009,1,Australian Grand Prix,Australian Grand Prix 2009,http://en.wikipedia.org/wiki/2009_Australian_Grand_Prix,2009-03-29,albert_park,5.303
2009,2,Malaysian Grand Prix,Malaysian Grand Prix 2009,http://en.wikipedia.org/wiki/2009_Malaysian_Grand_Prix,2009-04-05,sepang,5.543
2009,3,Chinese Grand Prix,Chinese Grand Prix 2009,http://en.wikipedia.org/wiki/2009_Chinese_Grand_Prix,2009-04-19,shanghai,5.451
2009,4,Bahrain Grand Prix,Bahrain Grand Prix 2009,http://en.wikipedia.org/wiki/2009_Bahrain_Grand_Prix,2009-04-26,bahrain,5.412
2009,5,Spanish Grand Prix,Spanish Grand Prix 2009,http://en.wikipedia.org/wiki/2009_Spanish_Grand_Prix,2009-05-10,catalunya,4.655
2009,6,Monaco Grand Prix,Monaco Grand Prix 2009,http://en.wikipedia.org/wiki/2009_Monaco_Grand_Prix,2009-05-24,monaco,3.34
2009,7,Turkish Grand Prix,Turkish Grand Prix 2009,http://en.wikipedia.org/wiki/2009_Turkish_Grand_Prix,2009-06-07,istanbul,5.338
2009,8,British Grand Prix,British Grand Prix 2009,http://en.wikipedia.org/wiki/2009_British_Grand_Prix,2009-06-21,silverstone,5.141
2009,9,German Grand Prix,German Grand Prix 2009,http://en.wikipedia.org/wiki/2009_German_Grand_Prix,2009-07-12,nurburgring,5.148
2009,10,Hungarian Grand Prix,Hungarian Grand Prix 2009,http://en.wikipedia.org/wiki/2009_Hungarian_Grand_Prix,2009-07-26,hungaroring,4.381
2009,11,European Grand Prix,European Grand Prix 2009,http://en.wikipedia.org/wiki/2009_European_Grand_Prix,2009-08-23,valencia,5.419
2009,12,Belgian Grand Prix,Belgian Grand Prix 2009,http://en.wikipedia.org/wiki/2009_Belgian_Grand_Prix,2009-08-30,spa,7.004
2009,13,Italian Grand Prix,Italian Grand Prix 2009,http://en.wikipedia.org/wiki/2009_Italian_Grand_Prix,2009-09-13,monza,5.793
2009,14,Singapore Grand Prix,Singapore Grand Prix 2009,http://en.wikipedia.org/wiki/2009_Singapore_Grand_Prix,2009-09-27,marina_bay,5.073
2009,15,Japanese Grand Prix,Japanese Grand Prix 2009,http://en.wikipedia.org/wiki/2009_Japanese_Grand_Prix,2009-10-04,suzuka,5.807
2009,16,Brazilian Grand Prix,Brazilian Grand Prix 2009,http://en.wikipedia.org/wiki/2009_Brazilian_Grand_Prix,2009-10-18,interlagos,4.309
2009,17,Abu Dhabi Grand Prix,Abu Dhabi Grand Prix 2009,http://en.wikipedia.org/wiki/2009_Abu_Dhabi_Grand_Prix,2009-11-01,yas_marina,5.554
2010,1,Bahrain Grand Prix,Bahrain Grand Prix 2010,http://en.wikipedia.org/wiki/2010_Bahrain_Grand_Prix,2010-03-14,bahrain,6.299
2010,2,Australian Grand Prix,Australian Grand Prix 2010,http://en.wikipedia.org/wiki/2010_Australian_Grand_Prix,2010-03-28,albert_park,5.303
2010,3,Malaysian Grand Prix,Malaysian Grand Prix 2010,http://en.wikipedia.org/wiki/2010_Malaysian_Grand_Prix,2010-04-04,sepang,5.543
2010,4,Chinese Grand Prix,Chinese Grand Prix 2010,http://en.wikipedia.org/wiki/2010_Chinese_Grand_Prix,2010-04-18,shanghai,5.451
2010,5,Spanish Grand Prix,Spanish Grand Prix 2010,http://en.wikipedia.org/wiki/2010_Spanish_Grand_Prix,2010-05-09,catalunya,4.655
2010,6,Monaco Grand Prix,Monaco Grand Prix 2010,http://en.wikipedia.org/wiki/2010_Monaco_Grand_Prix,2010-05-16,monaco,3.34
2010,7,Turkish Grand Prix,Turkish Grand Prix 2010,http://en.wikipedia.org/wiki/2010_Turkish_Grand_Prix,2010-05-30,istanbul,5.338
2010,8,Canadian Grand Prix,Canadian Grand Prix 2010,http://en.wikipedia.org/wiki/2010_Canadian_Grand_Prix,2010-06-13,villeneuve,4.361
2010,9,European Grand Prix,European Grand Prix 2010,http://en.wikipedia.org/wiki/2010_European_Grand_Prix,2010-06-27,valencia,5.419
2010,10,British Grand Prix,British Grand Prix 2010,http://en.wikipedia.org/wiki/2010_British_Grand_Prix,2010-07-11,silverstone,5.901
2010,11,German Grand Prix,German Grand Prix 2010,http://en.wikipedia.org/wiki/2010_German_Grand_Prix,2010-07-25,hockenheimring,4.574
2010,12,Hungarian Grand Prix,Hungarian Grand Prix 2010,http://en.wikipedia.org/wiki/2010_Hungarian_Grand_Prix,2010-08-01,hungaroring,4.381
2010,13,Belgian Grand Prix,Belgian Grand Prix 2010,http://en.wikipedia.org/wiki/2010_Belgian_Grand_Prix,2010-08-29,spa,7.004
2010,14,Italian Grand Prix,Italian Grand Prix 2010,http://en.wikipedia.org/wiki/2010_Italian_Grand_Prix,2010-09-12,monza,5.793
2010,15,Singapore Grand Prix,Singapore Grand Prix 2010,http://en.wikipedia.org/wiki/2010_Singapore_Grand_Prix,2010-09-26,marina_bay,5.073
2010,16,Japanese Grand Prix,Japanese Grand Prix 2010,http://en.wikipedia.org/wiki/2010_Japanese_Grand_Prix,2010-10-10,suzuka,5.807
2010,17,Korean Grand Prix,Korean Grand Prix 2010,http://en.wikipedia.org/wiki/2010_Korean_Grand_Prix,2010-10-24,yeongam,5.615
2010,18,Brazilian Grand Prix,Brazilian Grand Prix 2010,http://en.wikipedia.org/wiki/2010_Brazilian_Grand_Prix,2010-11-07,interlagos,4.309
2010,19,Abu Dhabi Grand Prix,Abu Dhabi Grand Prix 2010,http://en.wikipedia.org/wiki/2010_Abu_Dhabi_Grand_Prix,2010-11-14,yas_marina,5.554
2011,1,Australian Grand Prix,Australian Grand Prix 2011,http://en.wikipedia.org/wiki/2011_Australian_Grand_Prix,2011-03-27,albert_park,5.303
2011,2,Malaysian Grand Prix,Malaysian Grand Prix 2011,http://en.wikipedia.org/wiki/2011_Malaysian_Grand_Prix,2011-04-10,sepang,5.543
2011,3,Chinese Grand Prix,Chinese Grand Prix 2011,http://en.wikipedia.org/wiki/2011_Chinese_Grand_Prix,2011-04-17,shanghai,5.451
2011,4,Turkish Grand Prix,Turkish Grand Prix 2011,http://en.wikipedia.org/wiki/2011_Turkish_Grand_Prix,2011-05-08,istanbul,5.338
2011,5,Spanish Grand Prix,Spanish Grand Prix 2011,http://en.wikipedia.org/wiki/2011_Spanish_Grand_Prix,2011-05-22,catalunya,4.655
2011,6,Monaco Grand Prix,Monaco Grand Prix 2011,http://en.wikipedia.org/wiki/2011_Monaco_Grand_Prix,2011-05-29,monaco,3.34
2011,7,Canadian Grand Prix,Canadian Grand Prix 2011,http://en.wikipedia.org/wiki/2011_Canadian_Grand_Prix,2011-06-12,villeneuve,4.361
2011,8,European Grand Prix,European Grand Prix 2011,http://en.wikipedia.org/wiki/2011_European_Grand_Prix,2011-06-26,valencia,5.419
2011,9,British Grand Prix,British Grand Prix 2011,http://en.wikipedia.org/wiki/2011_British_Grand_Prix,2011-07-10,silverstone,5.891
2011,10,German Grand Prix,German Grand Prix 2011,http://en.wikipedia.org/wiki/2011_German_Grand_Prix,2011-07-24,nurburgring,5.148
2011,11,Hungarian Grand Prix,Hungarian Grand Prix 2011,http://en.wikipedia.org/wiki/2011_Hungarian_Grand_Prix,2011-07-31,hungaroring,4.381
2011,12,Belgian Grand Prix,Belgian Grand Prix 2011,http://en.wikipedia.org/wiki/2011_Belgian_Grand_Prix,2011-08-28,spa,7.004
2011,13,Italian Grand Prix,Italian Grand Prix 2011,http://en.wikipedia.org/wiki/2011_Italian_Grand_Prix,2011-09-11,monza,5.793
2011,14,Singapore Grand Prix,Singapore Grand Prix 2011,http://en.wikipedia.org/wiki/2011_Singapore_Grand_Prix,2011-09-25,marina_bay,5.073
2011,15,Japanese Grand Prix,Japanese Grand Prix 2011,http://en.wikipedia.org/wiki/2011_Japanese_Grand_Prix,2011-10-09,suzuka,5.807
2011,16,Korean Grand Prix,Korean Grand Prix 2011,http://en.wikipedia.org/wiki/2011_Korean_Grand_Prix,2011-10-16,yeongam,5.621
2011,17,Indian Grand Prix,Indian Grand Prix 2011,http://en.wikipedia.org/wiki/2011_Indian_Grand_Prix,2011-10-30,buddh,5.125
2011,18,Abu Dhabi Grand Prix,Abu Dhabi Grand Prix 2011,http://en.wikipedia.org/wiki/2011_Abu_Dhabi_Grand_Prix,2011-11-13,yas_marina,5.554
2011,19,Brazilian Grand Prix,Brazilian Grand Prix 2011,http://en.wikipedia.org/wiki/2011_Brazilian_Grand_Prix,2011-11-27,interlagos,4.309
2012,1,Australian Grand Prix,Australian Grand Prix 2012,http://en.wikipedia.org/wiki/2012_Australian_Grand_Prix,2012-03-18,albert_park,5.303
2012,2,Malaysian Grand Prix,Malaysian Grand Prix 2012,http://en.wikipedia.org/wiki/2012_Malaysian_Grand_Prix,2012-03-25,sepang,5.543
2012,3,Chinese Grand Prix,Chinese Grand Prix 2012,http://en.wikipedia.org/wiki/2012_Chinese_Grand_Prix,2012-04-15,shanghai,5.451
2012,4,Bahrain Grand Prix,Bahrain Grand Prix 2012,http://en.wikipedia.org/wiki/2012_Bahrain_Grand_Prix,2012-04-22,bahrain,5.412
2012,5,Spanish Grand Prix,Spanish Grand Prix 2012,http://en.wikipedia.org/wiki/2012_Spanish_Grand_Prix,2012-05-13,catalunya,4.655
2012,6,Monaco Grand Prix,Monaco Grand Prix 2012,http://en.wikipedia.org/wiki/2012_Monaco_Grand_Prix,2012-05-27,monaco,3.34
2012,7,Canadian Grand Prix,Canadian Grand Prix 2012,http://en.wikipedia.org/wiki/2012_Canadian_Grand_Prix,2012-06-10,villeneuve,4.361
2012,8,European Grand Prix,European Grand Prix 2012,http://en.wikipedia.org/wiki/2012_European_Grand_Prix,2012-06-24,valencia,5.419
2012,9,British Grand Prix,British Grand Prix 2012,http://en.wikipedia.org/wiki/2012_British_Grand_Prix,2012-07-08,silverstone,5.891
2012,10,German Grand Prix,German Grand Prix 2012,http://en.wikipedia.org/wiki/2012_German_Grand_Prix,2012-07-22,hockenheimring,4.574
2012,11,Hungarian Grand Prix,Hungarian Grand Prix 2012,http://en.wikipedia.org/wiki/2012_Hungarian_Grand_Prix,2012-07-29,hungaroring,4.381
2012,12,Belgian Grand Prix,Belgian Grand Prix 2012,http://en.wikipedia.org/wiki/2012_Belgian_Grand_Prix,2012-09-02,spa,7.004
2012,13,Italian Grand Prix,Italian Grand Prix 2012,http://en.wikipedia.org/wiki/2012_Italian_Grand_Prix,2012-09-09,monza,5.793
2012,14,Singapore Grand Prix,Singapore Grand Prix 2012,http://en.wikipedia.org/wiki/2012_Singapore_Grand_Prix,2012-09-23,marina_bay,5.073
2012,15,Japanese Grand Prix,Japanese Grand Prix 2012,http://en.wikipedia.org/wiki/2012_Japanese_Grand_Prix,2012-10-07,suzuka,5.807
2012,16,Korean Grand Prix,Korean Grand Prix 2012,http://en.wikipedia.org/wiki/2012_Korean_Grand_Prix,2012-10-14,yeongam,5.621
2012,17,Indian Grand Prix,Indian Grand Prix 2012,http://en.wikipedia.org/wiki/2012_Indian_Grand_Prix,2012-10-28,buddh,5.125
2012,18,Abu Dhabi Grand Prix,Abu Dhabi Grand Prix 2012,http://en.wikipedia.org/wiki/2012_Abu_Dhabi_Grand_Prix,2012-11-04,yas_marina,5.554
2012,19,United States Grand Prix,United States Grand Prix 2012,http://en.wikipedia.org/wiki/2012_United_States_Grand_Prix,2012-11-18,americas,5.513
2012,20,Brazilian Grand Prix,Brazilian Grand Prix 2012,http://en.wikipedia.org/wiki/2012_Brazilian_Grand_Prix,2012-11-25,interlagos,4.309
2013,1,Australian Grand Prix,Australian Grand Prix 2013,http://en.wikipedia.org/wiki/2013_Australian_Grand_Prix,2013-03-17,albert_park,5.303
2013,2,Malaysian Grand Prix,Malaysian Grand Prix 2013,http://en.wikipedia.org/wiki/2013_Malaysian_Grand_Prix,2013-03-24,sepang,5.543
2013,3,Chinese Grand Prix,Chinese Grand Prix 2013,http://en.wikipedia.org/wiki/2013_Chinese_Grand_Prix,2013-04-14,shanghai,5.451
2013,4,Bahrain Grand Prix,Bahrain Grand Prix 2013,http://en.wikipedia.org/wiki/2013_Bahrain_Grand_Prix,2013-04-21,bahrain,5.412
2013,5,Spanish Grand Prix,Spanish Grand Prix 2013,http://en.wikipedia.org/wiki/2013_Spanish_Grand_Prix,2013-05-12,catalunya,4.655
2013,6,Monaco Grand Prix,Monaco Grand Prix 2013,http://en.wikipedia.org/wiki/2013_Monaco_Grand_Prix,2013-05-26,monaco,3.34
2013,7,Canadian Grand Prix,Canadian Grand Prix 2013,http://en.wikipedia.org/wiki/2013_Canadian_Grand_Prix,2013-06-09,villeneuve,4.361
2013,8,British Grand Prix,British Grand Prix 2013,http://en.wikipedia.org/wiki/2013_British_Grand_Prix,2013-06-30,silverstone,5.891
2013,9,German Grand Prix,German Grand Prix 2013,http://en.wikipedia.org/wiki/2013_German_Grand_Prix,2013-07-07,nurburgring,5.148
2013,10,Hungarian Grand Prix,Hungarian Grand Prix 2013,http://en.wikipedia.org/wiki/2013_Hungarian_Grand_Prix,2013-07-28,hungaroring,4.381
2013,11,Belgian Grand Prix,Belgian Grand Prix 2013,http://en.wikipedia.org/wiki/2013_Belgian_Grand_Prix,2013-08-25,spa,7.004
2013,12,Italian Grand Prix,Italian Grand Prix 2013,http://en.wikipedia.org/wiki/2013_Italian_Grand_Prix,2013-09-08,monza,5.793
2013,13,Singapore Grand Prix,Singapore Grand Prix 2013,http://en.wikipedia.org/wiki/2013_Singapore_Grand_Prix,2013-09-22,marina_bay,5.065
2013,14,Korean Grand Prix,Korean Grand Prix 2013,http://en.wikipedia.org/wiki/2013_Korean_Grand_Prix,2013-10-06,yeongam,5.621
2013,15,Japanese Grand Prix,Japanese Grand Prix 2013,http://en.wikipedia.org/wiki/2013_Japanese_Grand_Prix,2013-10-13,suzuka,5.807
2013,16,Indian Grand Prix,Indian Grand Prix 2013,http://en.wikipedia.org/wiki/2013_Indian_Grand_Prix,2013-10-27,buddh,5.125
2013,17,Abu Dhabi Grand Prix,Abu Dhabi Grand Prix 2013,http://en.wikipedia.org/wiki/2013_Abu_Dhabi_Grand_Prix,2013-11-03,yas_marina,5.554
2013,18,United States Grand Prix,United States Grand Prix 2013,http://en.wikipedia.org/wiki/2013_United_States_Grand_Prix,2013-11-17,americas,5.513
2013,19,Brazilian Grand Prix,Brazilian Grand Prix 2013,http://en.wikipedia.org/wiki/2013_Brazilian_Grand_Prix,2013-11-24,interlagos,4.309
2014,1,Australian Grand Prix,Australian Grand Prix 2014,http://en.wikipedia.org/wiki/2014_Australian_Grand_Prix,2014-03-16,albert_park,5.303
2014,2,Malaysian Grand Prix,Malaysian Grand Prix 2014,http://en.wikipedia.org/wiki/2014_Malaysian_Grand_Prix,2014-03-30,sepang,5.543
2014,3,Bahrain Grand Prix,Bahrain Grand Prix 2014,http://en.wikipedia.org/wiki/2014_Bahrain_Grand_Prix,2014-04-06,bahrain,5.412
2014,4,Chinese Grand Prix,Chinese Grand Prix 2014,http://en.wikipedia.org/wiki/2014_Chinese_Grand_Prix,2014-04-20,shanghai,5.451
2014,5,Spanish Grand Prix,Spanish Grand Prix 2014,http://en.wikipedia.org/wiki/2014_Spanish_Grand_Prix,2014-05-11,catalunya,4.655
2014,6,Monaco Grand Prix,Monaco Grand Prix 2014,http://en.wikipedia.org/wiki/2014_Monaco_Grand_Prix,2014-05-25,monaco,3.34
2014,7,Canadian Grand Prix,Canadian Grand Prix 2014,http://en.wikipedia.org/wiki/2014_Canadian_Grand_Prix,2014-06-08,villeneuve,4.361
2014,8,Austrian Grand Prix,Austrian Grand Prix 2014,http://en.wikipedia.org/wiki/2014_Austrian_Grand_Prix,2014-06-22,red_bull_ring,4.326
2014,9,British Grand Prix,British Grand Prix 2014,http://en.wikipedia.org/wiki/2014_British_Grand_Prix,2014-07-06,silverstone,5.891
2014,10,German Grand Prix,German Grand Prix 2014,http://en.wikipedia.org/wiki/2014_German_Grand_Prix,2014-07-20,hockenheimring,4.574
2014,11,Hungarian Grand Prix,Hungarian Grand Prix 2014,http://en.wikipedia.org/wiki/2014_Hungarian_Grand_Prix,2014-07-27,hungaroring,4.381
2014,12,Belgian Grand Prix,Belgian Grand Prix 2014,http://en.wikipedia.org/wiki/2014_Belgian_Grand_Prix,2014-08-24,spa,7.004
2014,13,Italian Grand Prix,Italian Grand Prix 2014,http://en.wikipedia.org/wiki/2014_Italian_Grand_Prix,2014-09-07,monza,5.793
2014,14,Singapore Grand Prix,Singapore Grand Prix 2014,http://en.wikipedia.org/wiki/2014_Singapore_Grand_Prix,2014-09-21,marina_bay,5.065
2014,15,Japanese Grand Prix,Japanese Grand Prix 2014,http://en.wikipedia.org/wiki/2014_Japanese_Grand_Prix,2014-10-05,suzuka,5.807
2014,16,Russian Grand Prix,Russian Grand Prix 2014,http://en.wikipedia.org/wiki/2014_Russian_Grand_Prix,2014-10-12,sochi,5.848
2014,17,United States Grand Prix,United States Grand Prix 2014,http://en.wikipedia.org/wiki/2014_United_States_Grand_Prix,2014-11-02,americas,5.513
2014,18,Brazilian Grand Prix,Brazilian Grand Prix 2014,http://en.wikipedia.org/wiki/2014_Brazilian_Grand_Prix,2014-11-09,interlagos,4.309
2014,19,Abu Dhabi Grand Prix,Abu Dhabi Grand Prix 2014,http://en.wikipedia.org/wiki/2014_Abu_Dhabi_Grand_Prix,2014-11-23,yas_marina,5.554
2015,1,Australian Grand Prix,Australian Grand Prix 2015,http://en.wikipedia.org/wiki/2015_Australian_Grand_Prix,2015-03-15,albert_park,5.303
2015,2,Malaysian Grand Prix,Malaysian Grand Prix 2015,http://en.wikipedia.org/wiki/2015_Malaysian_Grand_Prix,2015-03-29,sepang,5.543
2015,3,Chinese Grand Prix,Chinese Grand Prix 2015,http://en.wikipedia.org/wiki/2015_Chinese_Grand_Prix,2015-04-12,shanghai,5.451
2015,4,Bahrain Grand Prix,Bahrain Grand Prix 2015,http://en.wikipedia.org/wiki/2015_Bahrain_Grand_Prix,2015-04-19,bahrain,5.412
2015,5,Spanish Grand Prix,Spanish Grand Prix 2015,http://en.wikipedia.org/wiki/2015_Spanish_Grand_Prix,2015-05-10,catalunya,4.655
2015,6,Monaco Grand Prix,Monaco Grand Prix 2015,http://en.wikipedia.org/wiki/2015_Monaco_Grand_Prix,2015-05-24,monaco,3.337
2015,7,Canadian Grand Prix,Canadian Grand Prix 2015,http://en.wikipedia.org/wiki/2015_Canadian_Grand_Prix,2015-06-07,villeneuve,4.361
2015,8,Austrian Grand Prix,Austrian Grand Prix 2015,http://en.wikipedia.org/wiki/2015_Austrian_Grand_Prix,2015-06-21,red_bull_ring,4.326
2015,9,British Grand Prix,British Grand Prix 2015,http://en.wikipedia.org/wiki/2015_British_Grand_Prix,2015-07-05,silverstone,5.891
2015,10,Hungarian Grand Prix,Hungarian Grand Prix 2015,http://en.wikipedia.org/wiki/2015_Hungarian_Grand_Prix,2015-07-26,hungaroring,4.381
2015,11,Belgian Grand Prix,Belgian Grand Prix 2015,http://en.wikipedia.org/wiki/2015_Belgian_Grand_Prix,2015-08-23,spa,7.004
2015,12,Italian Grand Prix,Italian Grand Prix 2015,http://en.wikipedia.org/wiki/2015_Italian_Grand_Prix,2015-09-06,monza,5.793
2015,13,Singapore Grand Prix,Singapore Grand Prix 2015,http://en.wikipedia.org/wiki/2015_Singapore_Grand_Prix,2015-09-20,marina_bay,5.065
2015,14,Japanese Grand Prix,Japanese Grand Prix 2015,http://en.wikipedia.org/wiki/2015_Japanese_Grand_Prix,2015-09-27,suzuka,5.807
2015,15,Russian Grand Prix,Russian Grand Prix 2015,http://en.wikipedia.org/wiki/2015_Russian_Grand_Prix,2015-10-11,sochi,5.848
2015,16,United States Grand Prix,United States Grand Prix 2015,http://en.wikipedia.org/wiki/2015_United_States_Grand_Prix,2015-10-25,americas,5.513
2015,17,Mexican Grand Prix,Mexican Grand Prix 2015,http://en.wikipedia.org/wiki/2015_Mexican_Grand_Prix,2015-11-01,rodriguez,4.304
2015,18,Brazilian Grand Prix,Brazilian Grand Prix 2015,http://en.wikipedia.org/wiki/2015_Brazilian_Grand_Prix,2015-11-15,interlagos,4.309
2015,19,Abu Dhabi Grand Prix,Abu Dhabi Grand Prix 2015,http://en.wikipedia.org/wiki/2015_Abu_Dhabi_Grand_Prix,2015-11-29,yas_marina,5.554
2016,1,Australian Grand Prix,Australian Grand Prix 2016,http://en.wikipedia.org/wiki/2016_Australian_Grand_Prix,2016-03-20,albert_park,5.303
2016,2,Bahrain Grand Prix,Bahrain Grand Prix 2016,http://en.wikipedia.org/wiki/2016_Bahrain_Grand_Prix,2016-04-03,bahrain,5.412
2016,3,Chinese Grand Prix,Chinese Grand Prix 2016,http://en.wikipedia.org/wiki/2016_Chinese_Grand_Prix,2016-04-17,shanghai,5.451
2016,4,Russian Grand Prix,Russian Grand Prix 2016,http://en.wikipedia.org/wiki/2016_Russian_Grand_Prix,2016-05-01,sochi,5.848
2016,5,Spanish Grand Prix,Spanish Grand Prix 2016,http://en.wikipedia.org/wiki/2016_Spanish_Grand_Prix,2016-05-15,catalunya,4.655
2016,6,Monaco Grand Prix,Monaco Grand Prix 2016,http://en.wikipedia.org/wiki/2016_Monaco_Grand_Prix,2016-05-29,monaco,3.337
2016,7,Canadian Grand Prix,Canadian Grand Prix 2016,http://en.wikipedia.org/wiki/2016_Canadian_Grand_Prix,2016-06-12,villeneuve,4.361
2016,8,European Grand Prix,European Grand Prix 2016,http://en.wikipedia.org/wiki/2016_European_Grand_Prix,2016-06-19,baku,6.003
2016,9,Austrian Grand Prix,Austrian Grand Prix 2016,http://en.wikipedia.org/wiki/2016_Austrian_Grand_Prix,2016-07-03,red_bull_ring,4.326
2016,10,British Grand Prix,British Grand Prix 2016,http://en.wikipedia.org/wiki/2016_British_Grand_Prix,2016-07-10,silverstone,5.891
2016,11,Hungarian Grand Prix,Hungarian Grand Prix 2016,http://en.wikipedia.org/wiki/2016_Hungarian_Grand_Prix,2016-07-24,hungaroring,4.381
2016,12,German Grand Prix,German Grand Prix 2016,http://en.wikipedia.org/wiki/2016_German_Grand_Prix,2016-07-31,hockenheimring,4.574
2016,13,Belgian Grand Prix,Belgian Grand Prix 2016,http://en.wikipedia.org/wiki/2016_Belgian_Grand_Prix,2016-08-28,spa,7.004
2016,14,Italian Grand Prix,Italian Grand Prix 2016,http://en.wikipedia.org/wiki/2016_Italian_Grand_Prix,2016-09-04,monza,5.793
2016,15,Singapore Grand Prix,Singapore Grand Prix 2016,http://en.wikipedia.org/wiki/2016_Singapore_Grand_Prix,2016-09-18,marina_bay,5.065
2016,16,Malaysian Grand Prix,Malaysian Grand Prix 2016,http://en.wikipedia.org/wiki/2016_Malaysian_Grand_Prix,2016-10-02,sepang,5.543
2016,17,Japanese Grand Prix,Japanese Grand Prix 2016,http://en.wikipedia.org/wiki/2016_Japanese_Grand_Prix,2016-10-09,suzuka,5.807
2016,18,United States Grand Prix,United States Grand Prix 2016,http://en.wikipedia.org/wiki/2016_United_States_Grand_Prix,2016-10-23,americas,5.513
2016,19,Mexican Grand Prix,Mexican Grand Prix 2016,http://en.wikipedia.org/wiki/2016_Mexican_Grand_Prix,2016-10-30,rodriguez,4.304
2016,20,Brazilian Grand Prix,Brazilian Grand Prix 2016,http://en.wikipedia.org/wiki/2016_Brazilian_Grand_Prix,2016-11-13,interlagos,4.309
2016,21,Abu Dhabi Grand Prix,Abu Dhabi Grand Prix 2016,http://en.wikipedia.org/wiki/2016_Abu_Dhabi_Grand_Prix,2016-11-27,yas_marina,5.554
2017,1,Australian Grand Prix,Australian Grand Prix 2017,http://en.wikipedia.org/wiki/2017_Australian_Grand_Prix,2017-03-26,albert_park,5.303
2017,2,Chinese Grand Prix,Chinese Grand Prix 2017,http://en.wikipedia.org/wiki/2017_Chinese_Grand_Prix,2017-04-09,shanghai,5.451
2017,3,Bahrain Grand Prix,Bahrain Grand Prix 2017,http://en.wikipedia.org/wiki/2017_Bahrain_Grand_Prix,2017-04-16,bahrain,5.412
2017,4,Russian Grand Prix,Russian Grand Prix 2017,http://en.wikipedia.org/wiki/2017_Russian_Grand_Prix,2017-04-30,sochi,5.848
2017,5,Spanish Grand Prix,Spanish Grand Prix 2017,http://en.wikipedia.org/wiki/2017_Spanish_Grand_Prix,2017-05-14,catalunya,4.655
2017,6,Monaco Grand Prix,Monaco Grand Prix 2017,http://en.wikipedia.org/wiki/2017_Monaco_Grand_Prix,2017-05-28,monaco,3.337
2017,7,Canadian Grand Prix,Canadian Grand Prix 2017,http://en.wikipedia.org/wiki/2017_Canadian_Grand_Prix,2017-06-11,villeneuve,4.361
2017,8,Azerbaijan Grand Prix,Azerbaijan Grand Prix 2017,http://en.wikipedia.org/wiki/2017_Azerbaijan_Grand_Prix,2017-06-25,baku,6.003
2017,9,Austrian Grand Prix,Austrian Grand Prix 2017,http://en.wikipedia.org/wiki/2017_Austrian_Grand_Prix,2017-07-09,red_bull_ring,4.318
2017,10,British Grand Prix,British Grand Prix 2017,http://en.wikipedia.org/wiki/2017_British_Grand_Prix,2017-07-16,silverstone,5.891
2017,11,Hungarian Grand Prix,Hungarian Grand Prix 2017,http://en.wikipedia.org/wiki/2017_Hungarian_Grand_Prix,2017-07-30,hungaroring,4.381
2017,12,Belgian Grand Prix,Belgian Grand Prix 2017,http://en.wikipedia.org/wiki/2017_Belgian_Grand_Prix,2017-08-27,spa,7.004
2017,13,Italian Grand Prix,Italian Grand Prix 2017,http://en.wikipedia.org/wiki/2017_Italian_Grand_Prix,2017-09-03,monza,5.793
2017,14,Singapore Grand Prix,Singapore Grand Prix 2017,http://en.wikipedia.org/wiki/2017_Singapore_Grand_Prix,2017-09-17,marina_bay,5.065
2017,15,Malaysian Grand Prix,Malaysian Grand Prix 2017,http://en.wikipedia.org/wiki/2017_Malaysian_Grand_Prix,2017-10-01,sepang,5.543
2017,16,Japanese Grand Prix,Japanese Grand Prix 2017,http://en.wikipedia.org/wiki/2017_Japanese_Grand_Prix,2017-10-08,suzuka,5.807
2017,17,United States Grand Prix,United States Grand Prix 2017,http://en.wikipedia.org/wiki/2017_United_States_Grand_Prix,2017-10-22,americas,5.513
2017,18,Mexican Grand Prix,Mexican Grand Prix 2017,http://en.wikipedia.org/wiki/2017_Mexican_Grand_Prix,2017-10-29,rodriguez,4.304
2017,19,Brazilian Grand Prix,Brazilian Grand Prix 2017,http://en.wikipedia.org/wiki/2017_Brazilian_Grand_Prix,2017-11-12,interlagos,4.309
2017,20,Abu Dhabi Grand Prix,Abu Dhabi Grand Prix 2017,http://en.wikipedia.org/wiki/2017_Abu_Dhabi_Grand_Prix,2017-11-26,yas_marina,5.554
2018,1,Australian Grand Prix,Australian Grand Prix 2018,http://en.wikipedia.org/wiki/2018_Australian_Grand_Prix,2018-03-25,albert_park,5.303
2018,2,Bahrain Grand Prix,Bahrain Grand Prix 2018,http://en.wikipedia.org/wiki/2018_Bahrain_Grand_Prix,2018-04-08,bahrain,5.412
2018,3,Chinese Grand Prix,Chinese Grand Prix 2018,http://en.wikipedia.org/wiki/2018_Chinese_Grand_Prix,2018-04-15,shanghai,5.451
2018,4,Azerbaijan Grand Prix,Azerbaijan Grand Prix 2018,http://en.wikipedia.org/wiki/2018_Azerbaijan_Grand_Prix,2018-04-29,baku,6.003
2018,5,Spanish Grand Prix,Spanish Grand Prix 2018,http://en.wikipedia.org/wiki/2018_Spanish_Grand_Prix,2018-05-13,catalunya,4.655
2018,6,Monaco Grand Prix,Monaco Grand Prix 2018,http://en.wikipedia.org/wiki/2018_Monaco_Grand_Prix,2018-05-27,monaco,3.337
2018,7,Canadian Grand Prix,Canadian Grand Prix 2018,http://en.wikipedia.org/wiki/2018_Canadian_Grand_Prix,2018-06-10,villeneuve,4.361
2018,8,French Grand Prix,French Grand Prix 2018,http://en.wikipedia.org/wiki/2018_French_Grand_Prix,2018-06-24,ricard,5.842
2018,9,Austrian Grand Prix,Austrian Grand Prix 2018,http://en.wikipedia.org/wiki/2018_Austrian_Grand_Prix,2018-07-01,red_bull_ring,4.318
2018,10,British Grand Prix,British Grand Prix 2018,http://en.wikipedia.org/wiki/2018_British_Grand_Prix,2018-07-08,silverstone,5.891
2018,11,German Grand Prix,German Grand Prix 2018,http://en.wikipedia.org/wiki/2018_German_Grand_Prix,2018-07-22,hockenheimring,4.574
2018,12,Hungarian Grand Prix,Hungarian Grand Prix 2018,http://en.wikipedia.org/wiki/2018_Hungarian_Grand_Prix,2018-07-29,hungaroring,4.381
2018,13,Belgian Grand Prix,Belgian Grand Prix 2018,http://en.wikipedia.org/wiki/2018_Belgian_Grand_Prix,2018-08-26,spa,7.004
2018,14,Italian Grand Prix,Italian Grand Prix 2018,http://en.wikipedia.org/wiki/2018_Italian_Grand_Prix,2018-09-02,monza,5.793
2018,15,Singapore Grand Prix,Singapore Grand Prix 2018,http://en.wikipedia.org/wiki/2018_Singapore_Grand_Prix,2018-09-16,marina_bay,5.063
2018,16,Russian Grand Prix,Russian Grand Prix 2018,http://en.wikipedia.org/wiki/2018_Russian_Grand_Prix,2018-09-30,sochi,5.848
2018,17,Japanese Grand Prix,Japanese Grand Prix 2018,http://en.wikipedia.org/wiki/2018_Japanese_Grand_Prix,2018-10-07,suzuka,5.807
2018,18,United States Grand Prix,United States Grand Prix 2018,http://en.wikipedia.org/wiki/2018_United_States_Grand_Prix,2018-10-21,americas,5.513
2018,19,Mexican Grand Prix,Mexican Grand Prix 2018,http://en.wikipedia.org/wiki/2018_Mexican_Grand_Prix,2018-10-28,rodriguez,4.304
2018,20,Brazilian Grand Prix,Brazilian Grand Prix 2018,http://en.wikipedia.org/wiki/2018_Brazilian_Grand_Prix,2018-11-11,interlagos,4.309
2018,21,Abu Dhabi Grand Prix,Abu Dhabi Grand Prix 2018,http://en.wikipedia.org/wiki/2018_Abu_Dhabi_Grand_Prix,2018-11-25,yas_marina,5.554
2019,1,Australian Grand Prix,Australian Grand Prix 2019,http://en.wikipedia.org/wiki/2019_Australian_Grand_Prix,2019-03-17,albert_park,5.303
2019,2,Bahrain Grand Prix,Bahrain Grand Prix 2019,http://en.wikipedia.org/wiki/2019_Bahrain_Grand_Prix,2019-03-31,bahrain,5.412
2019,3,Chinese Grand Prix,Chinese Grand Prix 2019,http://en.wikipedia.org/wiki/2019_Chinese_Grand_Prix,2019-04-14,shanghai,5.451
2019,4,Azerbaijan Grand Prix,Azerbaijan Grand Prix 2019,http://en.wikipedia.org/wiki/2019_Azerbaijan_Grand_Prix,2019-04-28,baku,6.003
2019,5,Spanish Grand Prix,Spanish Grand Prix 2019,http://en.wikipedia.org/wiki/2019_Spanish_Grand_Prix,2019-05-12,catalunya,4.655
2019,6,Monaco Grand Prix,Monaco Grand Prix 2019,http://en.wikipedia.org/wiki/2019_Monaco_Grand_Prix,2019-05-26,monaco,3.337
2019,7,Canadian Grand Prix,Canadian Grand Prix 2019,http://en.wikipedia.org/wiki/2019_Canadian_Grand_Prix,2019-06-09,villeneuve,4.361
2019,8,French Grand Prix,French Grand Prix 2019,http://en.wikipedia.org/wiki/2019_French_Grand_Prix,2019-06-23,ricard,5.842
2019,9,Austrian Grand Prix,Austrian Grand Prix 2019,http://en.wikipedia.org/wiki/2019_Austrian_Grand_Prix,2019-06-30,red_bull_ring,4.318
2019,10,British Grand Prix,British Grand Prix 2019,http://en.wikipedia.org/wiki/2019_British_Grand_Prix,2019-07-14,silverstone,5.891
2019,11,German Grand Prix,German Grand Prix 2019,http://en.wikipedia.org/wiki/2019_German_Grand_Prix,2019-07-28,hockenheimring,4.574
2019,12,Hungarian Grand Prix,Hungarian Grand Prix 2019,http://en.wikipedia.org/wiki/2019_Hungarian_Grand_Prix,2019-08-04,hungaroring,4.381
2019,13,Belgian Grand Prix,Belgian Grand Prix 2019,http://en.wikipedia.org/wiki/2019_Belgian_Grand_Prix,2019-09-01,spa,7.004
2019,14,Italian Grand Prix,Italian Grand Prix 2019,http://en.wikipedia.org/wiki/2019_Italian_Grand_Prix,2019-09-08,monza,5.793
2019,15,Singapore Grand Prix,Singapore Grand Prix 2019,http://en.wikipedia.org/wiki/2019_Singapore_Grand_Prix,2019-09-22,marina_bay,5.063
2019,16,Russian Grand Prix,Russian Grand Prix 2019,http://en.wikipedia.org/wiki/2019_Russian_Grand_Prix,2019-09-29,sochi,5.848
2019,17,Japanese Grand Prix,Japanese Grand Prix 2019,http://en.wikipedia.org/wiki/2019_Japanese_Grand_Prix,2019-10-13,suzuka,5.807
2019,18,Mexican Grand Prix,Mexican Grand Prix 2019,http://en.wikipedia.org/wiki/2019_Mexican_Grand_Prix,2019-10-27,rodriguez,4.304
2019,19,United States Grand Prix,United States Grand Prix 2019,http://en.wikipedia.org/wiki/2019_United_States_Grand_Prix,2019-11-03,americas,5.513
2019,20,Brazilian Grand Prix,Brazilian Grand Prix 2019,http://en.wikipedia.org/wiki/2019_Brazilian_Grand_Prix,2019-11-17,interlagos,4.309
2019,21,Abu Dhabi Grand Prix,Abu Dhabi Grand Prix 2019,http://en.wikipedia.org/wiki/2019_Abu_Dhabi_Grand_Prix,2019-12-01,yas_marina,5.554
2020,1,Austrian Grand Prix,Austrian Grand Prix 2020,http://en.wikipedia.org/wiki/2020_Austrian_Grand_Prix,2020-07-05,red_bull_ring,4.318
2020,2,Styrian Grand Prix,Styrian Grand Prix 2020,http://en.wikipedia.org/wiki/2020_Styrian_Grand_Prix,2020-07-12,red_bull_ring,4.318
2020,3,Hungarian Grand Prix,Hungarian Grand Prix 2020,http://en.wikipedia.org/wiki/2020_Hungarian_Grand_Prix,2020-07-19,hungaroring,4.381
2020,4,British Grand Prix,British Grand Prix 2020,http://en.wikipedia.org/wiki/2020_British_Grand_Prix,2020-08-02,silverstone,5.891
2020,5,70th Anniversary Grand Prix,70th Anniversary Grand Prix 2020,http://en.wikipedia.org/wiki/70th_Anniversary_Grand_Prix,2020-08-09,silverstone,5.891
2020,6,Spanish Grand Prix,Spanish Grand Prix 2020,http://en.wikipedia.org/wiki/2020_Spanish_Grand_Prix,2020-08-16,catalunya,4.655
2020,7,Belgian Grand Prix,Belgian Grand Prix 2020,http://en.wikipedia.org/wiki/2020_Belgian_Grand_Prix,2020-08-30,spa,7.004
2020,8,Italian Grand Prix,Italian Grand Prix 2020,http://en.wikipedia.org/wiki/2020_Italian_Grand_Prix,2020-09-06,monza,5.793
2020,9,Tuscan Grand Prix,Tuscan Grand Prix 2020,http://en.wikipedia.org/wiki/2020_Tuscan_Grand_Prix,2020-09-13,mugello,5.245
2020,10,Russian Grand Prix,Russian Grand Prix 2020,http://en.wikipedia.org/wiki/2020_Russian_Grand_Prix,2020-09-27,sochi,5.848
2020,11,Eifel Grand Prix,Eifel Grand Prix 2020,http://en.wikipedia.org/wiki/2020_Eifel_Grand_Prix,2020-10-11,nurburgring,5.148
2020,12,Portuguese Grand Prix,Portuguese Grand Prix 2020,http://en.wikipedia.org/wiki/2020_Portuguese_Grand_Prix,2020-10-25,portimao,4.653
2020,13,Emilia Romagna Grand Prix,Emilia Romagna Grand Prix 2020,http://en.wikipedia.org/wiki/2020_Emilia_Romagna_Grand_Prix,2020-11-01,imola,4.909
2020,14,Turkish Grand Prix,Turkish Grand Prix 2020,http://en.wikipedia.org/wiki/2020_Turkish_Grand_Prix,2020-11-15,istanbul,5.338
2020,15,Bahrain Grand Prix,Bahrain Grand Prix 2020,http://en.wikipedia.org/wiki/2020_Bahrain_Grand_Prix,2020-11-29,bahrain,5.412
2020,16,Sakhir Grand Prix,Sakhir Grand Prix 2020,http://en.wikipedia.org/wiki/2020_Sakhir_Grand_Prix,2020-12-06,bahrain,3.543
2020,17,Abu Dhabi Grand Prix,Abu Dhabi Grand Prix 2020,http://en.wikipedia.org/wiki/2020_Abu_Dhabi_Grand_Prix,2020-12-13,yas_marina,5.554
2021,1,Bahrain Grand Prix,Bahrain Grand Prix 2021,http://en.wikipedia.org/wiki/2021_Bahrain_Grand_Prix,2021-03-28,bahrain,5.412
2021,2,Emilia Romagna Grand Prix,Emilia Romagna Grand Prix 2021,http://en.wikipedia.org/wiki/2021_Emilia_Romagna_Grand_Prix,2021-04-18,imola,4.909
2021,3,Portuguese Grand Prix,Portuguese Grand Prix 2021,http://en.wikipedia.org/wiki/2021_Portuguese_Grand_Prix,2021-05-02,portimao,4.653
2021,4,Spanish Grand Prix,Spanish Grand Prix 2021,http://en.wikipedia.org/wiki/2021_Spanish_Grand_Prix,2021-05-09,catalunya,4.675
2021,5,Monaco Grand Prix,Monaco Grand Prix 2021,http://en.wikipedia.org/wiki/2021_Monaco_Grand_Prix,2021-05-23,monaco,3.337
2021,6,Azerbaijan Grand Prix,Azerbaijan Grand Prix 2021,http://en.wikipedia.org/wiki/2021_Azerbaijan_Grand_Prix,2021-06-06,baku,6.003
2021,7,French Grand Prix,French Grand Prix 2021,http://en.wikipedia.org/wiki/2021_French_Grand_Prix,2021-06-20,ricard,5.842
2021,8,Styrian Grand Prix,Styrian Grand Prix 2021,http://en.wikipedia.org/wiki/2021_Styrian_Grand_Prix,2021-06-27,red_bull_ring,4.318
2021,9,Austrian Grand Prix,Austrian Grand Prix 2021,http://en.wikipedia.org/wiki/2021_Austrian_Grand_Prix,2021-07-04,red_bull_ring,4.318
2021,10,British Grand Prix,British Grand Prix 2021,http://en.wikipedia.org/wiki/2021_British_Grand_Prix,2021-07-18,silverstone,5.891
2021,11,Hungarian Grand Prix,Hungarian Grand Prix 2021,http://en.wikipedia.org/wiki/2021_Hungarian_Grand_Prix,2021-08-01,hungaroring,4.381
2021,12,Belgian Grand Prix,Belgian Grand Prix 2021,http://en.wikipedia.org/wiki/2021_Belgian_Grand_Prix,2021-08-29,spa,7.004
2021,13,Dutch Grand Prix,Dutch Grand Prix 2021,http://en.wikipedia.org/wiki/2021_Dutch_Grand_Prix,2021-09-05,zandvoort,4.259
2021,14,Italian Grand Prix,Italian Grand Prix 2021,http://en.wikipedia.org/wiki/2021_Italian_Grand_Prix,2021-09-12,monza,5.793
2021,15,Russian Grand Prix,Russian Grand Prix 2021,http://en.wikipedia.org/wiki/2021_Russian_Grand_Prix,2021-09-26,sochi,5.848
2021,16,Turkish Grand Prix,Turkish Grand Prix 2021,http://en.wikipedia.org/wiki/2021_Turkish_Grand_Prix,2021-10-10,istanbul,5.338
2021,17,United States Grand Prix,United States Grand Prix 2021,http://en.wikipedia.org/wiki/2021_United_States_Grand_Prix,2021-10-24,americas,5.513
2021,18,Mexico City Grand Prix,Mexico City Grand Prix 2021,http://en.wikipedia.org/wiki/2021_Mexican_Grand_Prix,2021-11-07,rodriguez,4.304
2021,19,So Paulo Grand Prix,So Paulo Grand Prix 2021,http://en.wikipedia.org/wiki/2021_S%C3%A3o_Paulo_Grand_Prix,2021-11-14,interlagos,4.309
2021,20,Qatar Grand Prix,Qatar Grand Prix 2021,http://en.wikipedia.org/wiki/2021_Qatar_Grand_Prix,2021-11-21,losail,5.38
2021,21,Saudi Arabian Grand Prix,Saudi Arabian Grand Prix 2021,http://en.wikipedia.org/wiki/2021_Saudi_Arabian_Grand_Prix,2021-12-05,jeddah,6.174
2021,22,Abu Dhabi Grand Prix,Abu Dhabi Grand Prix 2021,http://en.wikipedia.org/wiki/2021_Abu_Dhabi_Grand_Prix,2021-12-12,yas_marina,5.281
2022,1,Bahrain Grand Prix,Bahrain Grand Prix 2022,http://en.wikipedia.org/wiki/2022_Bahrain_Grand_Prix,2022-03-20,bahrain,5.412
2022,2,Saudi Arabian Grand Prix,Saudi Arabian Grand Prix 2022,http://en.wikipedia.org/wiki/2022_Saudi_Arabian_Grand_Prix,2022-03-27,jeddah,6.174
2022,3,Australian Grand Prix,Australian Grand Prix 2022,http://en.wikipedia.org/wiki/2022_Australian_Grand_Prix,2022-04-10,albert_park,5.278
2022,4,Emilia Romagna Grand Prix,Emilia Romagna Grand Prix 2022,http://en.wikipedia.org/wiki/2022_Emilia_Romagna_Grand_Prix,2022-04-24,imola,4.909
2022,5,Miami Grand Prix,Miami Grand Prix 2022,http://en.wikipedia.org/wiki/2022_Miami_Grand_Prix,2022-05-08,miami,5.412
2022,6,Spanish Grand Prix,Spanish Grand Prix 2022,http://en.wikipedia.org/wiki/2022_Spanish_Grand_Prix,2022-05-22,catalunya,4.675
2022,7,Monaco Grand Prix,Monaco Grand Prix 2022,http://en.wikipedia.org/wiki/2022_Monaco_Grand_Prix,2022-05-29,monaco,3.337
2022,8,Azerbaijan Grand Prix,Azerbaijan Grand Prix 2022,http://en.wikipedia.org/wiki/2022_Azerbaijan_Grand_Prix,2022-06-12,baku,6.003
2022,9,Canadian Grand Prix,Canadian Grand Prix 2022,http://en.wikipedia.org/wiki/2022_Canadian_Grand_Prix,2022-06-19,villeneuve,4.361
2022,10,British Grand Prix,British Grand Prix 2022,http://en.wikipedia.org/wiki/2022_British_Grand_Prix,2022-07-03,silverstone,5.891
2022,11,Austrian Grand Prix,Austrian Grand Prix 2022,http://en.wikipedia.org/wiki/2022_Austrian_Grand_Prix,2022-07-10,red_bull_ring,4.318
2022,12,French Grand Prix,French Grand Prix 2022,http://en.wikipedia.org/wiki/2022_French_Grand_Prix,2022-07-24,ricard,5.842
2022,13,Hungarian Grand Prix,Hungarian Grand Prix 2022,http://en.wikipedia.org/wiki/2022_Hungarian_Grand_Prix,2022-07-31,hungaroring,4.381
2022,14,Belgian Grand Prix,Belgian Grand Prix 2022,http://en.wikipedia.org/wiki/2022_Belgian_Grand_Prix,2022-08-28,spa,7.004
2022,15,Dutch Grand Prix,Dutch Grand Prix 2022,http://en.wikipedia.org/wiki/2022_Dutch_Grand_Prix,2022-09-04,zandvoort,4.259
2022,16,Italian Grand Prix,Italian Grand Prix 2022,http://en.wikipedia.org/wiki/2022_Italian_Grand_Prix,2022-09-11,monza,5.793
2022,17,Singapore Grand Prix,Singapore Grand Prix 2022,http://en.wikipedia.org/wiki/2022_Singapore_Grand_Prix,2022-10-02,marina_bay,5.063
2022,18,Japanese Grand Prix,Japanese Grand Prix 2022,http://en.wikipedia.org/wiki/2022_Japanese_Grand_Prix,2022-10-09,suzuka,5.807
2022,19,United States Grand Prix,United States Grand Prix 2022,http://en.wikipedia.org/wiki/2022_United_States_Grand_Prix,2022-10-23,americas,5.513
2022,20,Mexico City Grand Prix,Mexico City Grand Prix 2022,http://en.wikipedia.org/wiki/2022_Mexican_Grand_Prix,2022-10-30,rodriguez,4.304
2022,21,So Paulo Grand Prix,So Paulo Grand Prix 2022,http://en.wikipedia.org/wiki/2022_Brazilian_Grand_Prix,2022-11-13,interlagos,4.309
2022,22,Abu Dhabi Grand Prix,Abu Dhabi Grand Prix 2022,http://en.wikipedia.org/wiki/2022_Abu_Dhabi_Grand_Prix,2022-11-20,yas_marina,5.281
2023,1,Bahrain Grand Prix,Bahrain Grand Prix 2023,https://en.wikipedia.org/wiki/2023_Bahrain_Grand_Prix,2023-03-05,bahrain,5.412
2023,2,Saudi Arabian Grand Prix,Saudi Arabian Grand Prix 2023,https://en.wikipedia.org/wiki/2023_Saudi_Arabian_Grand_Prix,2023-03-19,jeddah,6.174
2023,3,Australian Grand Prix,Australian Grand Prix 2023,https://en.wikipedia.org/wiki/2023_Australian_Grand_Prix,2023-04-02,albert_park,5.278
2023,4,Azerbaijan Grand Prix,Azerbaijan Grand Prix 2023,https://en.wikipedia.org/wiki/2023_Azerbaijan_Grand_Prix,2023-04-30,baku,6.003
2023,5,Miami Grand Prix,Miami Grand Prix 2023,https://en.wikipedia.org/wiki/2023_Miami_Grand_Prix,2023-05-07,miami,5.412
2023,6,Monaco Grand Prix,Monaco Grand Prix 2023,https://en.wikipedia.org/wiki/2023_Monaco_Grand_Prix,2023-05-28,monaco,3.337
2023,7,Spanish Grand Prix,Spanish Grand Prix 2023,https://en.wikipedia.org/wiki/2023_Spanish_Grand_Prix,2023-06-04,catalunya,4.657
2023,8,Canadian Grand Prix,Canadian Grand Prix 2023,https://en.wikipedia.org/wiki/2023_Canadian_Grand_Prix,2023-06-18,villeneuve,4.361
2023,9,Austrian Grand Prix,Austrian Grand Prix 2023,https://en.wikipedia.org/wiki/2023_Austrian_Grand_Prix,2023-07-02,red_bull_ring,4.318
2023,10,British Grand Prix,British Grand Prix 2023,https://en.wikipedia.org/wiki/2023_British_Grand_Prix,2023-07-09,silverstone,5.891
2023,11,Hungarian Grand Prix,Hungarian Grand Prix 2023,https://en.wikipedia.org/wiki/2023_Hungarian_Grand_Prix,2023-07-23,hungaroring,4.381
2023,12,Belgian Grand Prix,Belgian Grand Prix 2023,https://en.wikipedia.org/wiki/2023_Belgian_Grand_Prix,2023-07-30,spa,7.004
2023,13,Dutch Grand Prix,Dutch Grand Prix 2023,https://en.wikipedia.org/wiki/2023_Dutch_Grand_Prix,2023-08-27,zandvoort,4.259
2023,14,Italian Grand Prix,Italian Grand Prix 2023,https://en.wikipedia.org/wiki/2023_Italian_Grand_Prix,2023-09-03,monza,5.793
2023,15,Singapore Grand Prix,Singapore Grand Prix 2023,https://en.wikipedia.org/wiki/2023_Singapore_Grand_Prix,2023-09-17,marina_bay,4.94
2023,16,Japanese Grand Prix,Japanese Grand Prix 2023,https://en.wikipedia.org/wiki/2023_Japanese_Grand_Prix,2023-09-24,suzuka,5.807
2023,17,Qatar Grand Prix,Qatar Grand Prix 2023,https://en.wikipedia.org/wiki/2023_Qatar_Grand_Prix,2023-10-08,losail,5.419
2023,18,United States Grand Prix,United States Grand Prix 2023,https://en.wikipedia.org/wiki/2023_United_States_Grand_Prix,2023-10-22,americas,5.513
2023,19,Mexico City Grand Prix,Mexico City Grand Prix 2023,https://en.wikipedia.org/wiki/2023_Mexico_City_Grand_Prix,2023-10-29,rodriguez,4.304
2023,20,So Paulo Grand Prix,So Paulo Grand Prix 2023,https://en.wikipedia.org/wiki/2023_S%C3%A3o_Paulo_Grand_Prix,2023-11-05,interlagos,4.309
2023,21,Las Vegas Grand Prix,Las Vegas Grand Prix 2023,https://en.wikipedia.org/wiki/2023_Las_Vegas_Grand_Prix,2023-11-19,vegas,6.201
2023,22,Abu Dhabi Grand Prix,Abu Dhabi Grand Prix 2023,https://en.wikipedia.org/wiki/2023_Abu_Dhabi_Grand_Prix,2023-11-26,yas_marina,5.281
2024,1,Bahrain Grand Prix,Bahrain Grand Prix 2024,https://en.wikipedia.org/wiki/2024_Bahrain_Grand_Prix,2024-03-02,bahrain,5.412
2024,2,Saudi Arabian Grand Prix,Saudi Arabian Grand Prix 2024,https://en.wikipedia.org/wiki/2024_Saudi_Arabian_Grand_Prix,2024-03-09,jeddah,6.174
2024,3,Australian Grand Prix,Australian Grand Prix 2024,https://en.wikipedia.org/wiki/2024_Australian_Grand_Prix,2024-03-24,albert_park,5.278
2024,4,Japanese Grand Prix,Japanese Grand Prix 2024,https://en.wikipedia.org/wiki/2024_Japanese_Grand_Prix,2024-04-07,suzuka,5.807
2024,5,Chinese Grand Prix,Chinese Grand Prix 2024,https://en.wikipedia.org/wiki/2024_Chinese_Grand_Prix,2024-04-21,shanghai,5.451
2024,6,Miami Grand Prix,Miami Grand Prix 2024,https://en.wikipedia.org/wiki/2024_Miami_Grand_Prix,2024-05-05,miami,5.412
