season,round,raceName,date,circuitId,locality,country,driverId,driverName,constructorId,grid,laps,status,position,points,timeMillis,time
2001,1,Australian Grand Prix,2001-03-04,albert_park,Melbourne,Australia,michael_schumacher,Michael Schumacher,ferrari,1,58,Finished,1,10,5906533,1:38:26.533
2001,1,Australian Grand Prix,2001-03-04,albert_park,Melbourne,Australia,coulthard,David Coulthard,mclaren,6,58,Finished,2,6,5908250,+1.717
2001,1,Australian Grand Prix,2001-03-04,albert_park,Melbourne,Australia,barrichello,Rubens Barrichello,ferrari,2,58,Finished,3,4,5940024,+33.491
2001,1,Australian Grand Prix,2001-03-04,albert_park,Melbourne,Australia,heidfeld,Nick Heidfeld,sauber,10,58,Finished,4,3,5978012,+1:11.479
2001,1,Australian Grand Prix,2001-03-04,albert_park,Melbourne,Australia,frentzen,Heinz-Harald Frentzen,jordan,4,58,Finished,5,2,5979340,+1:12.807
2001,1,Australian Grand Prix,2001-03-04,albert_park,Melbourne,Australia,raikkonen,Kimi Räikkönen,sauber,13,58,Finished,6,1,5990676,+1:24.143
2001,1,Australian Grand Prix,2001-03-04,albert_park,Melbourne,Australia,panis,Olivier Panis,bar,9,58,Finished,7,0,5993583,+1:27.050
2001,1,Australian Grand Prix,2001-03-04,albert_park,Melbourne,Australia,burti,Luciano Burti,jaguar,21,57,+1 Lap,8,0,N/A,N/A
2001,1,Australian Grand Prix,2001-03-04,albert_park,Melbourne,Australia,alesi,Jean Alesi,prost,14,57,+1 Lap,9,0,N/A,N/A
2001,1,Australian Grand Prix,2001-03-04,albert_park,Melbourne,Australia,verstappen,Jos Verstappen,arrows,15,57,+1 Lap,10,0,N/A,N/A
2001,1,Australian Grand Prix,2001-03-04,albert_park,Melbourne,Australia,irvine,Eddie Irvine,jaguar,12,57,+1 Lap,11,0,N/A,N/A
2001,1,Australian Grand Prix,2001-03-04,albert_park,Melbourne,Australia,alonso,Fernando Alonso,minardi,19,56,+2 Laps,12,0,N/A,N/A
2001,1,Australian Grand Prix,2001-03-04,albert_park,Melbourne,Australia,fisichella,Giancarlo Fisichella,benetton,17,55,+3 Laps,13,0,N/A,N/A
2001,1,Australian Grand Prix,2001-03-04,albert_park,Melbourne,Australia,button,Jenson Button,benetton,16,52,Electrical,14,0,N/A,N/A
2001,1,Australian Grand Prix,2001-03-04,albert_park,Melbourne,Australia,montoya,Juan Pablo Montoya,williams,11,40,Engine,15,0,N/A,N/A
2001,1,Australian Grand Prix,2001-03-04,albert_park,Melbourne,Australia,trulli,Jarno Trulli,jordan,7,38,Engine,16,0,N/A,N/A
2001,1,Australian Grand Prix,2001-03-04,albert_park,Melbourne,Australia,hakkinen,Mika Häkkinen,mclaren,3,25,Suspension,17,0,N/A,N/A
2001,1,Australian Grand Prix,2001-03-04,albert_park,Melbourne,Australia,ralf_schumacher,Ralf Schumacher,williams,5,4,Collision,18,0,N/A,N/A
2001,1,Australian Grand Prix,2001-03-04,albert_park,Melbourne,Australia,villeneuve,Jacques Villeneuve,bar,8,4,Collision,19,0,N/A,N/A
2001,1,Australian Grand Prix,2001-03-04,albert_park,Melbourne,Australia,marques,Tarso Marques,minardi,22,3,Battery,20,0,N/A,N/A
2001,1,Australian Grand Prix,2001-03-04,albert_park,Melbourne,Australia,bernoldi,Enrique Bernoldi,arrows,18,2,Spun off,21,0,N/A,N/A
2001,1,Australian Grand Prix,2001-03-04,albert_park,Melbourne,Australia,mazzacane,Gastón Mazzacane,prost,20,0,Brakes,22,0,N/A,N/A
2001,2,Malaysian Grand Prix,2001-03-18,sepang,Kuala Lumpur,Malaysia,michael_schumacher,Michael Schumacher,ferrari,1,55,Finished,1,10,6454801,1:47:34.801
2001,2,Malaysian Grand Prix,2001-03-18,sepang,Kuala Lumpur,Malaysia,barrichello,Rubens Barrichello,ferrari,2,55,Finished,2,6,6478461,+23.660
2001,2,Malaysian Grand Prix,2001-03-18,sepang,Kuala Lumpur,Malaysia,coulthard,David Coulthard,mclaren,8,55,Finished,3,4,6483356,+28.555
2001,2,Malaysian Grand Prix,2001-03-18,sepang,Kuala Lumpur,Malaysia,frentzen,Heinz-Harald Frentzen,jordan,9,55,Finished,4,3,6501344,+46.543
2001,2,Malaysian Grand Prix,2001-03-18,sepang,Kuala Lumpur,Malaysia,ralf_schumacher,Ralf Schumacher,williams,3,55,Finished,5,2,6503034,+48.233
2001,2,Malaysian Grand Prix,2001-03-18,sepang,Kuala Lumpur,Malaysia,hakkinen,Mika Häkkinen,mclaren,4,55,Finished,6,1,6503407,+48.606
2001,2,Malaysian Grand Prix,2001-03-18,sepang,Kuala Lumpur,Malaysia,verstappen,Jos Verstappen,arrows,18,55,Finished,7,0,6536361,+1:21.560
2001,2,Malaysian Grand Prix,2001-03-18,sepang,Kuala Lumpur,Malaysia,trulli,Jarno Trulli,jordan,5,54,+1 Lap,8,0,N/A,N/A
2002,1,Australian Grand Prix,2002-03-03,albert_park,Melbourne,Australia,michael_schumacher,Michael Schumacher,ferrari,2,58,Finished,1,10,5736792,1:35:36.792
2002,1,Australian Grand Prix,2002-03-03,albert_park,Melbourne,Australia,montoya,Juan Pablo Montoya,williams,6,58,Finished,2,6,5755420,+18.628
2002,1,Australian Grand Prix,2002-03-03,albert_park,Melbourne,Australia,raikkonen,Kimi Räikkönen,mclaren,5,58,Finished,3,4,5761859,+25.067
2002,1,Australian Grand Prix,2002-03-03,albert_park,Melbourne,Australia,irvine,Eddie Irvine,jaguar,19,57,+1 Lap,4,3,N/A,N/A
2002,1,Australian Grand Prix,2002-03-03,albert_park,Melbourne,Australia,webber,Mark Webber,minardi,18,56,+2 Laps,5,2,N/A,N/A
2002,1,Australian Grand Prix,2002-03-03,albert_park,Melbourne,Australia,salo,Mika Salo,toyota,14,56,+2 Laps,6,1,N/A,N/A
2002,1,Australian Grand Prix,2002-03-03,albert_park,Melbourne,Australia,yoong,Alex Yoong,minardi,21,55,+3 Laps,7,0,N/A,N/A
2002,1,Australian Grand Prix,2002-03-03,albert_park,Melbourne,Australia,rosa,Pedro de la Rosa,jaguar,20,53,+5 Laps,8,0,N/A,N/A
2002,1,Australian Grand Prix,2002-03-03,albert_park,Melbourne,Australia,coulthard,David Coulthard,mclaren,4,33,Gearbox,9,0,N/A,N/A
2002,1,Australian Grand Prix,2002-03-03,albert_park,Melbourne,Australia,villeneuve,Jacques Villeneuve,bar,13,27,Broken wing,10,0,N/A,N/A
2002,1,Australian Grand Prix,2002-03-03,albert_park,Melbourne,Australia,frentzen,Heinz-Harald Frentzen,arrows,15,16,Disqualified,11,0,N/A,N/A
2002,1,Australian Grand Prix,2002-03-03,albert_park,Melbourne,Australia,bernoldi,Enrique Bernoldi,arrows,17,15,Disqualified,12,0,N/A,N/A
2002,1,Australian Grand Prix,2002-03-03,albert_park,Melbourne,Australia,sato,Takuma Sato,jordan,22,12,Electrical,13,0,N/A,N/A
2002,1,Australian Grand Prix,2002-03-03,albert_park,Melbourne,Australia,trulli,Jarno Trulli,renault,7,8,Spun off,14,0,N/A,N/A
2002,1,Australian Grand Prix,2002-03-03,albert_park,Melbourne,Australia,barrichello,Rubens Barrichello,ferrari,1,0,Collision,15,0,N/A,N/A
2002,1,Australian Grand Prix,2002-03-03,albert_park,Melbourne,Australia,ralf_schumacher,Ralf Schumacher,williams,3,0,Collision,16,0,N/A,N/A
2002,1,Australian Grand Prix,2002-03-03,albert_park,Melbourne,Australia,fisichella,Giancarlo Fisichella,jordan,8,0,Collision,17,0,N/A,N/A
2002,1,Australian Grand Prix,2002-03-03,albert_park,Melbourne,Australia,massa,Felipe Massa,sauber,9,0,Collision,18,0,N/A,N/A
2002,1,Australian Grand Prix,2002-03-03,albert_park,Melbourne,Australia,heidfeld,Nick Heidfeld,sauber,10,0,Collision,19,0,N/A,N/A
2002,1,Australian Grand Prix,2002-03-03,albert_park,Melbourne,Australia,button,Jenson Button,renault,11,0,Collision,20,0,N/A,N/A
2002,1,Australian Grand Prix,2002-03-03,albert_park,Melbourne,Australia,panis,Olivier Panis,bar,12,0,Collision,21,0,N/A,N/A
2002,1,Australian Grand Prix,2002-03-03,albert_park,Melbourne,Australia,mcnish,Allan McNish,toyota,16,0,Collision,22,0,N/A,N/A
2002,2,Malaysian Grand Prix,2002-03-17,sepang,Kuala Lumpur,Malaysia,ralf_schumacher,Ralf Schumacher,williams,4,56,Finished,1,10,5652912,1:34:12.912
2002,2,Malaysian Grand Prix,2002-03-17,sepang,Kuala Lumpur,Malaysia,montoya,Juan Pablo Montoya,williams,2,56,Finished,2,6,5692612,+39.700
2002,2,Malaysian Grand Prix,2002-03-17,sepang,Kuala Lumpur,Malaysia,michael_schumacher,Michael Schumacher,ferrari,1,56,Finished,3,4,5714707,+1:01.795
2002,2,Malaysian Grand Prix,2002-03-17,sepang,Kuala Lumpur,Malaysia,button,Jenson Button,renault,8,56,Finished,4,3,5722679,+1:09.767
2002,2,Malaysian Grand Prix,2002-03-17,sepang,Kuala Lumpur,Malaysia,heidfeld,Nick Heidfeld,sauber,7,55,+1 Lap,5,2,N/A,N/A
2002,2,Malaysian Grand Prix,2002-03-17,sepang,Kuala Lumpur,Malaysia,massa,Felipe Massa,sauber,14,55,+1 Lap,6,1,N/A,N/A
2002,2,Malaysian Grand Prix,2002-03-17,sepang,Kuala Lumpur,Malaysia,mcnish,Allan McNish,toyota,19,55,+1 Lap,7,0,N/A,N/A
2002,2,Malaysian Grand Prix,2002-03-17,sepang,Kuala Lumpur,Malaysia,villeneuve,Jacques Villeneuve,bar,13,55,+1 Lap,8,0,N/A,N/A
2003,1,Australian Grand Prix,2003-03-09,albert_park,Melbourne,Australia,coulthard,David Coulthard,mclaren,11,58,Finished,1,10,5682100,1:34:42.1
2003,1,Australian Grand Prix,2003-03-09,albert_park,Melbourne,Australia,montoya,Juan Pablo Montoya,williams,3,58,Finished,2,8,5690775,+8.675
2003,1,Australian Grand Prix,2003-03-09,albert_park,Melbourne,Australia,raikkonen,Kimi Räikkönen,mclaren,15,58,Finished,3,6,5691292,+9.192
2003,1,Australian Grand Prix,2003-03-09,albert_park,Melbourne,Australia,michael_schumacher,Michael Schumacher,ferrari,1,58,Finished,4,5,5691582,+9.482
2003,1,Australian Grand Prix,2003-03-09,albert_park,Melbourne,Australia,trulli,Jarno Trulli,renault,12,58,Finished,5,4,5720901,+38.801
2003,1,Australian Grand Prix,2003-03-09,albert_park,Melbourne,Australia,frentzen,Heinz-Harald Frentzen,sauber,4,58,Finished,6,3,5726028,+43.928
2003,1,Australian Grand Prix,2003-03-09,albert_park,Melbourne,Australia,alonso,Fernando Alonso,renault,10,58,Finished,7,2,5727174,+45.074
2003,1,Australian Grand Prix,2003-03-09,albert_park,Melbourne,Australia,ralf_schumacher,Ralf Schumacher,williams,9,58,Finished,8,1,5727845,+45.745
2003,1,Australian Grand Prix,2003-03-09,albert_park,Melbourne,Australia,villeneuve,Jacques Villeneuve,bar,6,58,Finished,9,0,5747636,+1:05.536
2003,1,Australian Grand Prix,2003-03-09,albert_park,Melbourne,Australia,button,Jenson Button,bar,8,58,Finished,10,0,5748074,+1:05.974
2003,1,Australian Grand Prix,2003-03-09,albert_park,Melbourne,Australia,verstappen,Jos Verstappen,minardi,20,57,+1 Lap,11,0,N/A,N/A
2003,1,Australian Grand Prix,2003-03-09,albert_park,Melbourne,Australia,fisichella,Giancarlo Fisichella,jordan,13,52,Gearbox,12,0,N/A,N/A
2003,1,Australian Grand Prix,2003-03-09,albert_park,Melbourne,Australia,pizzonia,Antônio Pizzonia,jaguar,18,52,Suspension,13,0,N/A,N/A
2003,1,Australian Grand Prix,2003-03-09,albert_park,Melbourne,Australia,panis,Olivier Panis,toyota,5,31,Fuel pressure,14,0,N/A,N/A
2003,1,Australian Grand Prix,2003-03-09,albert_park,Melbourne,Australia,heidfeld,Nick Heidfeld,sauber,7,20,Suspension,15,0,N/A,N/A
2003,1,Australian Grand Prix,2003-03-09,albert_park,Melbourne,Australia,wilson,Justin Wilson,minardi,19,16,Radiator,16,0,N/A,N/A
2003,1,Australian Grand Prix,2003-03-09,albert_park,Melbourne,Australia,webber,Mark Webber,jaguar,14,15,Suspension,17,0,N/A,N/A
2003,1,Australian Grand Prix,2003-03-09,albert_park,Melbourne,Australia,matta,Cristiano da Matta,toyota,16,7,Spun off,18,0,N/A,N/A
2003,1,Australian Grand Prix,2003-03-09,albert_park,Melbourne,Australia,firman,Ralph Firman,jordan,17,6,Accident,19,0,N/A,N/A
2003,1,Australian Grand Prix,2003-03-09,albert_park,Melbourne,Australia,barrichello,Rubens Barrichello,ferrari,2,5,Accident,20,0,N/A,N/A
2003,2,Malaysian Grand Prix,2003-03-23,sepang,Kuala Lumpur,Malaysia,raikkonen,Kimi Räikkönen,mclaren,7,56,Finished,1,10,5542195,1:32:22.195
2003,2,Malaysian Grand Prix,2003-03-23,sepang,Kuala Lumpur,Malaysia,barrichello,Rubens Barrichello,ferrari,5,56,Finished,2,8,5581481,+39.286
2003,2,Malaysian Grand Prix,2003-03-23,sepang,Kuala Lumpur,Malaysia,alonso,Fernando Alonso,renault,1,56,Finished,3,6,5606202,+1:04.007
2003,2,Malaysian Grand Prix,2003-03-23,sepang,Kuala Lumpur,Malaysia,ralf_schumacher,Ralf Schumacher,williams,17,56,Finished,4,5,5630221,+1:28.026
2003,2,Malaysian Grand Prix,2003-03-23,sepang,Kuala Lumpur,Malaysia,trulli,Jarno Trulli,renault,2,55,+1 Lap,5,4,N/A,N/A
2003,2,Malaysian Grand Prix,2003-03-23,sepang,Kuala Lumpur,Malaysia,michael_schumacher,Michael Schumacher,ferrari,3,55,+1 Lap,6,3,N/A,N/A
2003,2,Malaysian Grand Prix,2003-03-23,sepang,Kuala Lumpur,Malaysia,button,Jenson Button,bar,9,55,+1 Lap,7,2,N/A,N/A
2003,2,Malaysian Grand Prix,2003-03-23,sepang,Kuala Lumpur,Malaysia,heidfeld,Nick Heidfeld,sauber,6,55,+1 Lap,8,1,N/A,N/A
2003,2,Malaysian Grand Prix,2003-03-23,sepang,Kuala Lumpur,Malaysia,frentzen,Heinz-Harald Frentzen,sauber,13,55,+1 Lap,9,0,N/A,N/A
2003,2,Malaysian Grand Prix,2003-03-23,sepang,Kuala Lumpur,Malaysia,firman,Ralph Firman,jordan,20,55,+1 Lap,10,0,N/A,N/A
2004,1,Australian Grand Prix,2004-03-07,albert_park,Melbourne,Australia,michael_schumacher,Michael Schumacher,ferrari,1,58,Finished,1,10,5055757,1:24:15.757
2004,1,Australian Grand Prix,2004-03-07,albert_park,Melbourne,Australia,barrichello,Rubens Barrichello,ferrari,2,58,Finished,2,8,5069362,+13.605
2004,1,Australian Grand Prix,2004-03-07,albert_park,Melbourne,Australia,alonso,Fernando Alonso,renault,5,58,Finished,3,6,5090430,+34.673
2004,1,Australian Grand Prix,2004-03-07,albert_park,Melbourne,Australia,ralf_schumacher,Ralf Schumacher,williams,8,58,Finished,4,5,5116180,+1:00.423
2004,1,Australian Grand Prix,2004-03-07,albert_park,Melbourne,Australia,montoya,Juan Pablo Montoya,williams,3,58,Finished,5,4,5124293,+1:08.536
2004,1,Australian Grand Prix,2004-03-07,albert_park,Melbourne,Australia,button,Jenson Button,bar,4,58,Finished,6,3,5126355,+1:10.598
2004,1,Australian Grand Prix,2004-03-07,albert_park,Melbourne,Australia,trulli,Jarno Trulli,renault,9,57,+1 Lap,7,2,N/A,N/A
2004,1,Australian Grand Prix,2004-03-07,albert_park,Melbourne,Australia,coulthard,David Coulthard,mclaren,12,57,+1 Lap,8,1,N/A,N/A
2004,1,Australian Grand Prix,2004-03-07,albert_park,Melbourne,Australia,sato,Takuma Sato,bar,7,57,+1 Lap,9,0,N/A,N/A
2004,1,Australian Grand Prix,2004-03-07,albert_park,Melbourne,Australia,fisichella,Giancarlo Fisichella,sauber,14,57,+1 Lap,10,0,N/A,N/A
2004,1,Australian Grand Prix,2004-03-07,albert_park,Melbourne,Australia,klien,Christian Klien,jaguar,19,56,+2 Laps,11,0,N/A,N/A
2004,1,Australian Grand Prix,2004-03-07,albert_park,Melbourne,Australia,matta,Cristiano da Matta,toyota,13,56,+2 Laps,12,0,N/A,N/A
2004,1,Australian Grand Prix,2004-03-07,albert_park,Melbourne,Australia,panis,Olivier Panis,toyota,18,56,+2 Laps,13,0,N/A,N/A
2004,1,Australian Grand Prix,2004-03-07,albert_park,Melbourne,Australia,pantano,Giorgio Pantano,jordan,16,55,+3 Laps,14,0,N/A,N/A
2004,1,Australian Grand Prix,2004-03-07,albert_park,Melbourne,Australia,massa,Felipe Massa,sauber,11,44,Engine,15,0,N/A,N/A
2004,1,Australian Grand Prix,2004-03-07,albert_park,Melbourne,Australia,heidfeld,Nick Heidfeld,jordan,15,43,Transmission,16,0,N/A,N/A
2004,1,Australian Grand Prix,2004-03-07,albert_park,Melbourne,Australia,bruni,Gianmaria Bruni,minardi,20,43,Not classified,17,0,N/A,N/A
2004,1,Australian Grand Prix,2004-03-07,albert_park,Melbourne,Australia,webber,Mark Webber,jaguar,6,29,Transmission,18,0,N/A,N/A
2004,1,Australian Grand Prix,2004-03-07,albert_park,Melbourne,Australia,baumgartner,Zsolt Baumgartner,minardi,17,13,Electrical,19,0,N/A,N/A
2004,1,Australian Grand Prix,2004-03-07,albert_park,Melbourne,Australia,raikkonen,Kimi Räikkönen,mclaren,10,9,Engine,20,0,N/A,N/A
2004,2,Malaysian Grand Prix,2004-03-21,sepang,Kuala Lumpur,Malaysia,michael_schumacher,Michael Schumacher,ferrari,1,56,Finished,1,10,5467490,1:31:07.490
2004,2,Malaysian Grand Prix,2004-03-21,sepang,Kuala Lumpur,Malaysia,montoya,Juan Pablo Montoya,williams,4,56,Finished,2,8,5472512,+5.022
2004,2,Malaysian Grand Prix,2004-03-21,sepang,Kuala Lumpur,Malaysia,button,Jenson Button,bar,6,56,Finished,3,6,5479058,+11.568
2004,2,Malaysian Grand Prix,2004-03-21,sepang,Kuala Lumpur,Malaysia,barrichello,Rubens Barrichello,ferrari,3,56,Finished,4,5,5481105,+13.615
2004,2,Malaysian Grand Prix,2004-03-21,sepang,Kuala Lumpur,Malaysia,trulli,Jarno Trulli,renault,8,56,Finished,5,4,5504850,+37.360
2004,2,Malaysian Grand Prix,2004-03-21,sepang,Kuala Lumpur,Malaysia,coulthard,David Coulthard,mclaren,9,56,Finished,6,3,5520588,+53.098
2004,2,Malaysian Grand Prix,2004-03-21,sepang,Kuala Lumpur,Malaysia,alonso,Fernando Alonso,renault,19,56,Finished,7,2,5535367,+1:07.877
2004,2,Malaysian Grand Prix,2004-03-21,sepang,Kuala Lumpur,Malaysia,massa,Felipe Massa,sauber,11,55,+1 Lap,8,1,N/A,N/A
2004,2,Malaysian Grand Prix,2004-03-21,sepang,Kuala Lumpur,Malaysia,matta,Cristiano da Matta,toyota,10,55,+1 Lap,9,0,N/A,N/A
2004,2,Malaysian Grand Prix,2004-03-21,sepang,Kuala Lumpur,Malaysia,klien,Christian Klien,jaguar,13,55,+1 Lap,10,0,N/A,N/A
2005,1,Australian Grand Prix,2005-03-06,albert_park,Melbourne,Australia,fisichella,Giancarlo Fisichella,renault,1,57,Finished,1,10,5057336,1:24:17.336
2005,1,Australian Grand Prix,2005-03-06,albert_park,Melbourne,Australia,barrichello,Rubens Barrichello,ferrari,11,57,Finished,2,8,5062889,+5.553
2005,1,Australian Grand Prix,2005-03-06,albert_park,Melbourne,Australia,alonso,Fernando Alonso,renault,13,57,Finished,3,6,5064048,+6.712
2005,1,Australian Grand Prix,2005-03-06,albert_park,Melbourne,Australia,coulthard,David Coulthard,red_bull,5,57,Finished,4,5,5073467,+16.131
2005,1,Australian Grand Prix,2005-03-06,albert_park,Melbourne,Australia,webber,Mark Webber,williams,3,57,Finished,5,4,5074244,+16.908
2005,1,Australian Grand Prix,2005-03-06,albert_park,Melbourne,Australia,montoya,Juan Pablo Montoya,mclaren,9,57,Finished,6,3,5092369,+35.033
2005,1,Australian Grand Prix,2005-03-06,albert_park,Melbourne,Australia,klien,Christian Klien,red_bull,6,57,Finished,7,2,5096333,+38.997
2005,1,Australian Grand Prix,2005-03-06,albert_park,Melbourne,Australia,raikkonen,Kimi Räikkönen,mclaren,10,57,Finished,8,1,5096969,+39.633
2005,1,Australian Grand Prix,2005-03-06,albert_park,Melbourne,Australia,trulli,Jarno Trulli,toyota,2,57,Finished,9,0,5120444,+1:03.108
2005,1,Australian Grand Prix,2005-03-06,albert_park,Melbourne,Australia,massa,Felipe Massa,sauber,18,57,Finished,10,0,5121729,+1:04.393
2005,1,Australian Grand Prix,2005-03-06,albert_park,Melbourne,Australia,button,Jenson Button,bar,8,56,+1 Lap,11,0,N/A,N/A
2005,1,Australian Grand Prix,2005-03-06,albert_park,Melbourne,Australia,ralf_schumacher,Ralf Schumacher,toyota,15,56,+1 Lap,12,0,N/A,N/A
2005,1,Australian Grand Prix,2005-03-06,albert_park,Melbourne,Australia,villeneuve,Jacques Villeneuve,sauber,4,56,+1 Lap,13,0,N/A,N/A
2005,1,Australian Grand Prix,2005-03-06,albert_park,Melbourne,Australia,sato,Takuma Sato,bar,20,55,+2 Laps,14,0,N/A,N/A
2005,1,Australian Grand Prix,2005-03-06,albert_park,Melbourne,Australia,karthikeyan,Narain Karthikeyan,jordan,12,55,+2 Laps,15,0,N/A,N/A
2005,1,Australian Grand Prix,2005-03-06,albert_park,Melbourne,Australia,monteiro,Tiago Monteiro,jordan,14,55,+2 Laps,16,0,N/A,N/A
2005,1,Australian Grand Prix,2005-03-06,albert_park,Melbourne,Australia,friesacher,Patrick Friesacher,minardi,16,55,+4 Laps,17,0,N/A,N/A
2005,1,Australian Grand Prix,2005-03-06,albert_park,Melbourne,Australia,michael_schumacher,Michael Schumacher,ferrari,19,42,Accident,18,0,N/A,N/A
2005,1,Australian Grand Prix,2005-03-06,albert_park,Melbourne,Australia,heidfeld,Nick Heidfeld,williams,7,42,Accident,19,0,N/A,N/A
2005,1,Australian Grand Prix,2005-03-06,albert_park,Melbourne,Australia,albers,Christijan Albers,minardi,17,16,Gearbox,20,0,N/A,N/A
2005,2,Malaysian Grand Prix,2005-03-20,sepang,Kuala Lumpur,Malaysia,alonso,Fernando Alonso,renault,1,56,Finished,1,10,5493736,1:31:33.736
2005,2,Malaysian Grand Prix,2005-03-20,sepang,Kuala Lumpur,Malaysia,trulli,Jarno Trulli,toyota,2,56,Finished,2,8,5518063,+24.327
2005,2,Malaysian Grand Prix,2005-03-20,sepang,Kuala Lumpur,Malaysia,heidfeld,Nick Heidfeld,williams,10,56,Finished,3,6,5525924,+32.188
2005,2,Malaysian Grand Prix,2005-03-20,sepang,Kuala Lumpur,Malaysia,montoya,Juan Pablo Montoya,mclaren,11,56,Finished,4,5,5535367,+41.631
2005,2,Malaysian Grand Prix,2005-03-20,sepang,Kuala Lumpur,Malaysia,ralf_schumacher,Ralf Schumacher,toyota,5,56,Finished,5,4,5545590,+51.854
2005,2,Malaysian Grand Prix,2005-03-20,sepang,Kuala Lumpur,Malaysia,coulthard,David Coulthard,red_bull,8,56,Finished,6,3,5566279,+1:12.543
2005,2,Malaysian Grand Prix,2005-03-20,sepang,Kuala Lumpur,Malaysia,michael_schumacher,Michael Schumacher,ferrari,13,56,Finished,7,2,5573724,+1:19.988
2005,2,Malaysian Grand Prix,2005-03-20,sepang,Kuala Lumpur,Malaysia,klien,Christian Klien,red_bull,7,56,Finished,8,1,5574571,+1:20.835
2005,2,Malaysian Grand Prix,2005-03-20,sepang,Kuala Lumpur,Malaysia,raikkonen,Kimi Räikkönen,mclaren,6,56,Finished,9,0,5575316,+1:21.580
2005,2,Malaysian Grand Prix,2005-03-20,sepang,Kuala Lumpur,Malaysia,massa,Felipe Massa,sauber,14,55,+1 Lap,10,0,N/A,N/A
2006,1,Bahrain Grand Prix,2006-03-12,bahrain,Sakhir,Bahrain,alonso,Fernando Alonso,renault,4,57,Finished,1,10,5386205,1:29:46.205
2006,1,Bahrain Grand Prix,2006-03-12,bahrain,Sakhir,Bahrain,michael_schumacher,Michael Schumacher,ferrari,1,57,Finished,2,8,5387451,+1.246
2006,1,Bahrain Grand Prix,2006-03-12,bahrain,Sakhir,Bahrain,raikkonen,Kimi Räikkönen,mclaren,22,57,Finished,3,6,5405565,+19.360
2006,1,Bahrain Grand Prix,2006-03-12,bahrain,Sakhir,Bahrain,button,Jenson Button,honda,3,57,Finished,4,5,5406197,+19.992
2006,1,Bahrain Grand Prix,2006-03-12,bahrain,Sakhir,Bahrain,montoya,Juan Pablo Montoya,mclaren,5,57,Finished,5,4,5423253,+37.048
2006,1,Bahrain Grand Prix,2006-03-12,bahrain,Sakhir,Bahrain,webber,Mark Webber,williams,7,57,Finished,6,3,5428137,+41.932
2006,1,Bahrain Grand Prix,2006-03-12,bahrain,Sakhir,Bahrain,rosberg,Nico Rosberg,williams,12,57,Finished,7,2,5449248,+1:03.043
2006,1,Bahrain Grand Prix,2006-03-12,bahrain,Sakhir,Bahrain,klien,Christian Klien,red_bull,8,57,Finished,8,1,5452976,+1:06.771
2006,1,Bahrain Grand Prix,2006-03-12,bahrain,Sakhir,Bahrain,massa,Felipe Massa,ferrari,2,57,Finished,9,0,5456112,+1:09.907
2006,1,Bahrain Grand Prix,2006-03-12,bahrain,Sakhir,Bahrain,coulthard,David Coulthard,red_bull,13,57,Finished,10,0,5461746,+1:15.541
2006,1,Bahrain Grand Prix,2006-03-12,bahrain,Sakhir,Bahrain,liuzzi,Vitantonio Liuzzi,toro_rosso,15,57,Finished,11,0,5472202,+1:25.997
2006,1,Bahrain Grand Prix,2006-03-12,bahrain,Sakhir,Bahrain,heidfeld,Nick Heidfeld,bmw_sauber,10,56,+1 Lap,12,0,N/A,N/A
2006,1,Bahrain Grand Prix,2006-03-12,bahrain,Sakhir,Bahrain,speed,Scott Speed,toro_rosso,16,56,+1 Lap,13,0,N/A,N/A
2006,1,Bahrain Grand Prix,2006-03-12,bahrain,Sakhir,Bahrain,ralf_schumacher,Ralf Schumacher,toyota,17,56,+1 Lap,14,0,N/A,N/A
2006,1,Bahrain Grand Prix,2006-03-12,bahrain,Sakhir,Bahrain,barrichello,Rubens Barrichello,honda,6,56,+1 Lap,15,0,N/A,N/A
2006,1,Bahrain Grand Prix,2006-03-12,bahrain,Sakhir,Bahrain,trulli,Jarno Trulli,toyota,14,56,+1 Lap,16,0,N/A,N/A
2006,1,Bahrain Grand Prix,2006-03-12,bahrain,Sakhir,Bahrain,monteiro,Tiago Monteiro,mf1,19,55,+2 Laps,17,0,N/A,N/A
2006,1,Bahrain Grand Prix,2006-03-12,bahrain,Sakhir,Bahrain,sato,Takuma Sato,super_aguri,20,53,+4 Laps,18,0,N/A,N/A
2006,1,Bahrain Grand Prix,2006-03-12,bahrain,Sakhir,Bahrain,ide,Yuji Ide,super_aguri,21,35,Mechanical,19,0,N/A,N/A
2006,1,Bahrain Grand Prix,2006-03-12,bahrain,Sakhir,Bahrain,villeneuve,Jacques Villeneuve,bmw_sauber,11,29,Engine,20,0,N/A,N/A
2006,1,Bahrain Grand Prix,2006-03-12,bahrain,Sakhir,Bahrain,fisichella,Giancarlo Fisichella,renault,9,21,Hydraulics,21,0,N/A,N/A
2006,1,Bahrain Grand Prix,2006-03-12,bahrain,Sakhir,Bahrain,albers,Christijan Albers,mf1,18,0,Driveshaft,22,0,N/A,N/A
2006,2,Malaysian Grand Prix,2006-03-19,sepang,Kuala Lumpur,Malaysia,fisichella,Giancarlo Fisichella,renault,1,56,Finished,1,10,5440529,1:30:40.529
2006,2,Malaysian Grand Prix,2006-03-19,sepang,Kuala Lumpur,Malaysia,alonso,Fernando Alonso,renault,7,56,Finished,2,8,5445114,+4.585
2006,2,Malaysian Grand Prix,2006-03-19,sepang,Kuala Lumpur,Malaysia,button,Jenson Button,honda,2,56,Finished,3,6,5450160,+9.631
2006,2,Malaysian Grand Prix,2006-03-19,sepang,Kuala Lumpur,Malaysia,montoya,Juan Pablo Montoya,mclaren,5,56,Finished,4,5,5479880,+39.351
2006,2,Malaysian Grand Prix,2006-03-19,sepang,Kuala Lumpur,Malaysia,massa,Felipe Massa,ferrari,21,56,Finished,5,4,5483783,+43.254
2006,2,Malaysian Grand Prix,2006-03-19,sepang,Kuala Lumpur,Malaysia,michael_schumacher,Michael Schumacher,ferrari,14,56,Finished,6,3,5484383,+43.854
2006,2,Malaysian Grand Prix,2006-03-19,sepang,Kuala Lumpur,Malaysia,villeneuve,Jacques Villeneuve,bmw_sauber,10,56,Finished,7,2,5520990,+1:20.461
2006,2,Malaysian Grand Prix,2006-03-19,sepang,Kuala Lumpur,Malaysia,ralf_schumacher,Ralf Schumacher,toyota,22,56,Finished,8,1,5521817,+1:21.288
2007,1,Australian Grand Prix,2007-03-18,albert_park,Melbourne,Australia,raikkonen,Kimi Räikkönen,ferrari,1,58,Finished,1,10,5128770,1:25:28.770
2007,1,Australian Grand Prix,2007-03-18,albert_park,Melbourne,Australia,alonso,Fernando Alonso,mclaren,2,58,Finished,2,8,5136012,+7.242
2007,1,Australian Grand Prix,2007-03-18,albert_park,Melbourne,Australia,hamilton,Lewis Hamilton,mclaren,4,58,Finished,3,6,5147365,+18.595
2007,1,Australian Grand Prix,2007-03-18,albert_park,Melbourne,Australia,heidfeld,Nick Heidfeld,bmw_sauber,3,58,Finished,4,5,5167533,+38.763
2007,1,Australian Grand Prix,2007-03-18,albert_park,Melbourne,Australia,fisichella,Giancarlo Fisichella,renault,6,58,Finished,5,4,5195239,+1:06.469
2007,1,Australian Grand Prix,2007-03-18,albert_park,Melbourne,Australia,massa,Felipe Massa,ferrari,22,58,Finished,6,3,5195575,+1:06.805
2007,1,Australian Grand Prix,2007-03-18,albert_park,Melbourne,Australia,rosberg,Nico Rosberg,williams,12,57,+1 Lap,7,2,N/A,N/A
2007,1,Australian Grand Prix,2007-03-18,albert_park,Melbourne,Australia,ralf_schumacher,Ralf Schumacher,toyota,9,57,+1 Lap,8,1,N/A,N/A
2007,1,Australian Grand Prix,2007-03-18,albert_park,Melbourne,Australia,trulli,Jarno Trulli,toyota,8,57,+1 Lap,9,0,N/A,N/A
2007,1,Australian Grand Prix,2007-03-18,albert_park,Melbourne,Australia,kovalainen,Heikki Kovalainen,renault,13,57,+1 Lap,10,0,N/A,N/A
2007,1,Australian Grand Prix,2007-03-18,albert_park,Melbourne,Australia,barrichello,Rubens Barrichello,honda,16,57,+1 Lap,11,0,N/A,N/A
2007,1,Australian Grand Prix,2007-03-18,albert_park,Melbourne,Australia,sato,Takuma Sato,super_aguri,10,57,+1 Lap,12,0,N/A,N/A
2007,1,Australian Grand Prix,2007-03-18,albert_park,Melbourne,Australia,webber,Mark Webber,red_bull,7,57,+1 Lap,13,0,N/A,N/A
2007,1,Australian Grand Prix,2007-03-18,albert_park,Melbourne,Australia,liuzzi,Vitantonio Liuzzi,toro_rosso,19,57,+1 Lap,14,0,N/A,N/A
2007,1,Australian Grand Prix,2007-03-18,albert_park,Melbourne,Australia,button,Jenson Button,honda,14,57,+1 Lap,15,0,N/A,N/A
2007,1,Australian Grand Prix,2007-03-18,albert_park,Melbourne,Australia,davidson,Anthony Davidson,super_aguri,11,56,+2 Laps,16,0,N/A,N/A
2007,1,Australian Grand Prix,2007-03-18,albert_park,Melbourne,Australia,sutil,Adrian Sutil,spyker,20,56,+2 Laps,17,0,N/A,N/A
2007,1,Australian Grand Prix,2007-03-18,albert_park,Melbourne,Australia,wurz,Alexander Wurz,williams,15,48,Collision,18,0,N/A,N/A
2007,1,Australian Grand Prix,2007-03-18,albert_park,Melbourne,Australia,coulthard,David Coulthard,red_bull,18,48,Collision,19,0,N/A,N/A
2007,1,Australian Grand Prix,2007-03-18,albert_park,Melbourne,Australia,kubica,Robert Kubica,bmw_sauber,5,36,Gearbox,20,0,N/A,N/A
2007,1,Australian Grand Prix,2007-03-18,albert_park,Melbourne,Australia,speed,Scott Speed,toro_rosso,17,28,Puncture,21,0,N/A,N/A
2007,1,Australian Grand Prix,2007-03-18,albert_park,Melbourne,Australia,albers,Christijan Albers,spyker,21,10,Accident,22,0,N/A,N/A
2007,2,Malaysian Grand Prix,2007-04-08,sepang,Kuala Lumpur,Malaysia,alonso,Fernando Alonso,mclaren,2,56,Finished,1,10,5534930,1:32:14.930
2007,2,Malaysian Grand Prix,2007-04-08,sepang,Kuala Lumpur,Malaysia,hamilton,Lewis Hamilton,mclaren,4,56,Finished,2,8,5552487,+17.557
2007,2,Malaysian Grand Prix,2007-04-08,sepang,Kuala Lumpur,Malaysia,raikkonen,Kimi Räikkönen,ferrari,3,56,Finished,3,6,5553269,+18.339
2007,2,Malaysian Grand Prix,2007-04-08,sepang,Kuala Lumpur,Malaysia,heidfeld,Nick Heidfeld,bmw_sauber,5,56,Finished,4,5,5568707,+33.777
2007,2,Malaysian Grand Prix,2007-04-08,sepang,Kuala Lumpur,Malaysia,massa,Felipe Massa,ferrari,1,56,Finished,5,4,5571635,+36.705
2007,2,Malaysian Grand Prix,2007-04-08,sepang,Kuala Lumpur,Malaysia,fisichella,Giancarlo Fisichella,renault,12,56,Finished,6,3,5600568,+1:05.638
2007,2,Malaysian Grand Prix,2007-04-08,sepang,Kuala Lumpur,Malaysia,trulli,Jarno Trulli,toyota,8,56,Finished,7,2,5605062,+1:10.132
2007,2,Malaysian Grand Prix,2007-04-08,sepang,Kuala Lumpur,Malaysia,kovalainen,Heikki Kovalainen,renault,11,56,Finished,8,1,5606945,+1:12.015
2008,1,Australian Grand Prix,2008-03-16,albert_park,Melbourne,Australia,hamilton,Lewis Hamilton,mclaren,1,58,Finished,1,10,5690616,1:34:50.616
2008,1,Australian Grand Prix,2008-03-16,albert_park,Melbourne,Australia,heidfeld,Nick Heidfeld,bmw_sauber,5,58,Finished,2,8,5696094,+5.478
2008,1,Australian Grand Prix,2008-03-16,albert_park,Melbourne,Australia,rosberg,Nico Rosberg,williams,7,58,Finished,3,6,5698779,+8.163
2008,1,Australian Grand Prix,2008-03-16,albert_park,Melbourne,Australia,alonso,Fernando Alonso,renault,11,58,Finished,4,5,5707797,+17.181
2008,1,Australian Grand Prix,2008-03-16,albert_park,Melbourne,Australia,kovalainen,Heikki Kovalainen,mclaren,3,58,Finished,5,4,5708630,+18.014
2008,1,Australian Grand Prix,2008-03-16,albert_park,Melbourne,Australia,nakajima,Kazuki Nakajima,williams,13,57,+1 Lap,6,3,N/A,N/A
2008,1,Australian Grand Prix,2008-03-16,albert_park,Melbourne,Australia,bourdais,Sébastien Bourdais,toro_rosso,17,55,Engine,7,2,N/A,N/A
2008,1,Australian Grand Prix,2008-03-16,albert_park,Melbourne,Australia,raikkonen,Kimi Räikkönen,ferrari,15,53,Engine,8,1,N/A,N/A
2008,1,Australian Grand Prix,2008-03-16,albert_park,Melbourne,Australia,kubica,Robert Kubica,bmw_sauber,2,47,Collision,9,0,N/A,N/A
2008,1,Australian Grand Prix,2008-03-16,albert_park,Melbourne,Australia,glock,Timo Glock,toyota,18,43,Accident,10,0,N/A,N/A
2008,1,Australian Grand Prix,2008-03-16,albert_park,Melbourne,Australia,sato,Takuma Sato,super_aguri,19,32,Transmission,11,0,N/A,N/A
2008,1,Australian Grand Prix,2008-03-16,albert_park,Melbourne,Australia,piquet_jr,Nelson Piquet Jr.,renault,20,30,Clutch,12,0,N/A,N/A
2008,1,Australian Grand Prix,2008-03-16,albert_park,Melbourne,Australia,massa,Felipe Massa,ferrari,4,29,Engine,13,0,N/A,N/A
2008,1,Australian Grand Prix,2008-03-16,albert_park,Melbourne,Australia,coulthard,David Coulthard,red_bull,8,25,Collision,14,0,N/A,N/A
2008,1,Australian Grand Prix,2008-03-16,albert_park,Melbourne,Australia,trulli,Jarno Trulli,toyota,6,19,Electrical,15,0,N/A,N/A
2008,1,Australian Grand Prix,2008-03-16,albert_park,Melbourne,Australia,sutil,Adrian Sutil,force_india,22,8,Hydraulics,16,0,N/A,N/A
2008,1,Australian Grand Prix,2008-03-16,albert_park,Melbourne,Australia,webber,Mark Webber,red_bull,14,0,Collision,17,0,N/A,N/A
2008,1,Australian Grand Prix,2008-03-16,albert_park,Melbourne,Australia,button,Jenson Button,honda,12,0,Collision,18,0,N/A,N/A
2008,1,Australian Grand Prix,2008-03-16,albert_park,Melbourne,Australia,davidson,Anthony Davidson,super_aguri,21,0,Collision,19,0,N/A,N/A
2008,1,Australian Grand Prix,2008-03-16,albert_park,Melbourne,Australia,vettel,Sebastian Vettel,toro_rosso,9,0,Collision,20,0,N/A,N/A
2008,1,Australian Grand Prix,2008-03-16,albert_park,Melbourne,Australia,fisichella,Giancarlo Fisichella,force_india,16,0,Collision,21,0,N/A,N/A
2008,1,Australian Grand Prix,2008-03-16,albert_park,Melbourne,Australia,barrichello,Rubens Barrichello,honda,10,58,Disqualified,22,0,N/A,N/A
2008,2,Malaysian Grand Prix,2008-03-23,sepang,Kuala Lumpur,Malaysia,raikkonen,Kimi Räikkönen,ferrari,2,56,Finished,1,10,5478555,1:31:18.555
2008,2,Malaysian Grand Prix,2008-03-23,sepang,Kuala Lumpur,Malaysia,kubica,Robert Kubica,bmw_sauber,4,56,Finished,2,8,5498125,+19.570
2008,2,Malaysian Grand Prix,2008-03-23,sepang,Kuala Lumpur,Malaysia,kovalainen,Heikki Kovalainen,mclaren,8,56,Finished,3,6,5517005,+38.450
2008,2,Malaysian Grand Prix,2008-03-23,sepang,Kuala Lumpur,Malaysia,trulli,Jarno Trulli,toyota,3,56,Finished,4,5,5524387,+45.832
2008,2,Malaysian Grand Prix,2008-03-23,sepang,Kuala Lumpur,Malaysia,hamilton,Lewis Hamilton,mclaren,9,56,Finished,5,4,5525103,+46.548
2008,2,Malaysian Grand Prix,2008-03-23,sepang,Kuala Lumpur,Malaysia,heidfeld,Nick Heidfeld,bmw_sauber,5,56,Finished,6,3,5528388,+49.833
2008,2,Malaysian Grand Prix,2008-03-23,sepang,Kuala Lumpur,Malaysia,webber,Mark Webber,red_bull,6,56,Finished,7,2,5546685,+1:08.130
2008,2,Malaysian Grand Prix,2008-03-23,sepang,Kuala Lumpur,Malaysia,alonso,Fernando Alonso,renault,7,56,Finished,8,1,5548596,+1:10.041
2009,1,Australian Grand Prix,2009-03-29,albert_park,Melbourne,Australia,button,Jenson Button,brawn,1,58,Finished,1,10,5655784,1:34:15.784
2009,1,Australian Grand Prix,2009-03-29,albert_park,Melbourne,Australia,barrichello,Rubens Barrichello,brawn,2,58,Finished,2,8,5656591,+0.807
2009,1,Australian Grand Prix,2009-03-29,albert_park,Melbourne,Australia,trulli,Jarno Trulli,toyota,20,58,Finished,3,6,5657388,+1.604
2009,1,Australian Grand Prix,2009-03-29,albert_park,Melbourne,Australia,glock,Timo Glock,toyota,19,58,Finished,4,5,5660219,+4.435
2009,1,Australian Grand Prix,2009-03-29,albert_park,Melbourne,Australia,alonso,Fernando Alonso,renault,10,58,Finished,5,4,5660663,+4.879
2009,1,Australian Grand Prix,2009-03-29,albert_park,Melbourne,Australia,rosberg,Nico Rosberg,williams,5,58,Finished,6,3,5661506,+5.722
2009,1,Australian Grand Prix,2009-03-29,albert_park,Melbourne,Australia,buemi,Sébastien Buemi,toro_rosso,13,58,Finished,7,2,5661788,+6.004
2009,1,Australian Grand Prix,2009-03-29,albert_park,Melbourne,Australia,bourdais,Sébastien Bourdais,toro_rosso,17,58,Finished,8,1,5662082,+6.298
2009,1,Australian Grand Prix,2009-03-29,albert_park,Melbourne,Australia,sutil,Adrian Sutil,force_india,16,58,Finished,9,0,5662119,+6.335
2009,1,Australian Grand Prix,2009-03-29,albert_park,Melbourne,Australia,heidfeld,Nick Heidfeld,bmw_sauber,9,58,Finished,10,0,5662869,+7.085
2009,1,Australian Grand Prix,2009-03-29,albert_park,Melbourne,Australia,fisichella,Giancarlo Fisichella,force_india,15,58,Finished,11,0,5663158,+7.374
2009,1,Australian Grand Prix,2009-03-29,albert_park,Melbourne,Australia,webber,Mark Webber,red_bull,8,57,+1 Lap,12,0,N/A,N/A
2009,1,Australian Grand Prix,2009-03-29,albert_park,Melbourne,Australia,vettel,Sebastian Vettel,red_bull,3,56,Collision,13,0,N/A,N/A
2009,1,Australian Grand Prix,2009-03-29,albert_park,Melbourne,Australia,kubica,Robert Kubica,bmw_sauber,4,55,Collision,14,0,N/A,N/A
2009,1,Australian Grand Prix,2009-03-29,albert_park,Melbourne,Australia,raikkonen,Kimi Räikkönen,ferrari,7,55,Differential,15,0,N/A,N/A
2009,1,Australian Grand Prix,2009-03-29,albert_park,Melbourne,Australia,massa,Felipe Massa,ferrari,6,45,Suspension,16,0,N/A,N/A
2009,1,Australian Grand Prix,2009-03-29,albert_park,Melbourne,Australia,piquet_jr,Nelson Piquet Jr.,renault,14,24,Spun off,17,0,N/A,N/A
2009,1,Australian Grand Prix,2009-03-29,albert_park,Melbourne,Australia,nakajima,Kazuki Nakajima,williams,11,17,Accident,18,0,N/A,N/A
2009,1,Australian Grand Prix,2009-03-29,albert_park,Melbourne,Australia,kovalainen,Heikki Kovalainen,mclaren,12,0,Collision,19,0,N/A,N/A
2009,1,Australian Grand Prix,2009-03-29,albert_park,Melbourne,Australia,hamilton,Lewis Hamilton,mclaren,18,58,Disqualified,20,0,N/A,N/A
2009,2,Malaysian Grand Prix,2009-04-05,sepang,Kuala Lumpur,Malaysia,button,Jenson Button,brawn,1,31,Finished,1,5,4252092,1:10:52.092
2009,2,Malaysian Grand Prix,2009-04-05,sepang,Kuala Lumpur,Malaysia,heidfeld,Nick Heidfeld,bmw_sauber,10,31,Finished,2,4,4274814,+22.722
2009,2,Malaysian Grand Prix,2009-04-05,sepang,Kuala Lumpur,Malaysia,glock,Timo Glock,toyota,3,31,Finished,3,3,4275605,+23.513
2009,2,Malaysian Grand Prix,2009-04-05,sepang,Kuala Lumpur,Malaysia,trulli,Jarno Trulli,toyota,2,31,Finished,4,2.5,4298265,+46.173
2009,2,Malaysian Grand Prix,2009-04-05,sepang,Kuala Lumpur,Malaysia,barrichello,Rubens Barrichello,brawn,8,31,Finished,5,2,4299452,+47.360
2009,2,Malaysian Grand Prix,2009-04-05,sepang,Kuala Lumpur,Malaysia,webber,Mark Webber,red_bull,5,31,Finished,6,1.5,4304425,+52.333
2009,2,Malaysian Grand Prix,2009-04-05,sepang,Kuala Lumpur,Malaysia,hamilton,Lewis Hamilton,mclaren,12,31,Finished,7,1,4312825,+1:00.733
2009,2,Malaysian Grand Prix,2009-04-05,sepang,Kuala Lumpur,Malaysia,rosberg,Nico Rosberg,williams,4,31,Finished,8,0.5,4323668,+1:11.576
2009,2,Malaysian Grand Prix,2009-04-05,sepang,Kuala Lumpur,Malaysia,massa,Felipe Massa,ferrari,16,31,Finished,9,0,4329024,+1:16.932
2009,2,Malaysian Grand Prix,2009-04-05,sepang,Kuala Lumpur,Malaysia,bourdais,Sébastien Bourdais,toro_rosso,15,31,Finished,10,0,4354256,+1:42.164
2010,1,Bahrain Grand Prix,2010-03-14,bahrain,Sakhir,Bahrain,alonso,Fernando Alonso,ferrari,3,49,Finished,1,25,5960396,1:39:20.396
2010,1,Bahrain Grand Prix,2010-03-14,bahrain,Sakhir,Bahrain,massa,Felipe Massa,ferrari,2,49,Finished,2,18,5976495,+16.099
2010,1,Bahrain Grand Prix,2010-03-14,bahrain,Sakhir,Bahrain,hamilton,Lewis Hamilton,mclaren,4,49,Finished,3,15,5983578,+23.182
2010,1,Bahrain Grand Prix,2010-03-14,bahrain,Sakhir,Bahrain,vettel,Sebastian Vettel,red_bull,1,49,Finished,4,12,5999195,+38.799
2010,1,Bahrain Grand Prix,2010-03-14,bahrain,Sakhir,Bahrain,rosberg,Nico Rosberg,mercedes,5,49,Finished,5,10,6000609,+40.213
2010,1,Bahrain Grand Prix,2010-03-14,bahrain,Sakhir,Bahrain,michael_schumacher,Michael Schumacher,mercedes,7,49,Finished,6,8,6004559,+44.163
2010,1,Bahrain Grand Prix,2010-03-14,bahrain,Sakhir,Bahrain,button,Jenson Button,mclaren,8,49,Finished,7,6,6005676,+45.280
2010,1,Bahrain Grand Prix,2010-03-14,bahrain,Sakhir,Bahrain,webber,Mark Webber,red_bull,6,49,Finished,8,4,6006756,+46.360
2010,1,Bahrain Grand Prix,2010-03-14,bahrain,Sakhir,Bahrain,liuzzi,Vitantonio Liuzzi,force_india,12,49,Finished,9,2,6013404,+53.008
2010,1,Bahrain Grand Prix,2010-03-14,bahrain,Sakhir,Bahrain,barrichello,Rubens Barrichello,williams,11,49,Finished,10,1,6022885,+1:02.489
2010,1,Bahrain Grand Prix,2010-03-14,bahrain,Sakhir,Bahrain,kubica,Robert Kubica,renault,9,49,Finished,11,0,6029489,+1:09.093
2010,1,Bahrain Grand Prix,2010-03-14,bahrain,Sakhir,Bahrain,sutil,Adrian Sutil,force_india,10,49,Finished,12,0,6043354,+1:22.958
2010,1,Bahrain Grand Prix,2010-03-14,bahrain,Sakhir,Bahrain,alguersuari,Jaime Alguersuari,toro_rosso,18,49,Finished,13,0,6053052,+1:32.656
2010,1,Bahrain Grand Prix,2010-03-14,bahrain,Sakhir,Bahrain,hulkenberg,Nico Hülkenberg,williams,13,48,+1 Lap,14,0,N/A,N/A
2010,1,Bahrain Grand Prix,2010-03-14,bahrain,Sakhir,Bahrain,kovalainen,Heikki Kovalainen,lotus_racing,21,47,+2 Laps,15,0,N/A,N/A
2010,1,Bahrain Grand Prix,2010-03-14,bahrain,Sakhir,Bahrain,buemi,Sébastien Buemi,toro_rosso,15,46,Electrical,16,0,N/A,N/A
2010,1,Bahrain Grand Prix,2010-03-14,bahrain,Sakhir,Bahrain,trulli,Jarno Trulli,lotus_racing,20,46,Hydraulics,17,0,N/A,N/A
2010,1,Bahrain Grand Prix,2010-03-14,bahrain,Sakhir,Bahrain,rosa,Pedro de la Rosa,sauber,14,28,Hydraulics,18,0,N/A,N/A
2010,1,Bahrain Grand Prix,2010-03-14,bahrain,Sakhir,Bahrain,bruno_senna,Bruno Senna,hrt,23,17,Overheating,19,0,N/A,N/A
2010,1,Bahrain Grand Prix,2010-03-14,bahrain,Sakhir,Bahrain,glock,Timo Glock,virgin,19,16,Gearbox,20,0,N/A,N/A
2010,1,Bahrain Grand Prix,2010-03-14,bahrain,Sakhir,Bahrain,petrov,Vitaly Petrov,renault,17,13,Suspension,21,0,N/A,N/A
2010,1,Bahrain Grand Prix,2010-03-14,bahrain,Sakhir,Bahrain,kobayashi,Kamui Kobayashi,sauber,16,11,Hydraulics,22,0,N/A,N/A
2010,1,Bahrain Grand Prix,2010-03-14,bahrain,Sakhir,Bahrain,grassi,Lucas di Grassi,virgin,22,2,Hydraulics,23,0,N/A,N/A
2010,1,Bahrain Grand Prix,2010-03-14,bahrain,Sakhir,Bahrain,chandhok,Karun Chandhok,hrt,24,1,Accident,24,0,N/A,N/A
2010,2,Australian Grand Prix,2010-03-28,albert_park,Melbourne,Australia,button,Jenson Button,mclaren,4,58,Finished,1,25,5616531,1:33:36.531
2010,2,Australian Grand Prix,2010-03-28,albert_park,Melbourne,Australia,kubica,Robert Kubica,renault,9,58,Finished,2,18,5628565,+12.034
2010,2,Australian Grand Prix,2010-03-28,albert_park,Melbourne,Australia,massa,Felipe Massa,ferrari,5,58,Finished,3,15,5631019,+14.488
2010,2,Australian Grand Prix,2010-03-28,albert_park,Melbourne,Australia,alonso,Fernando Alonso,ferrari,3,58,Finished,4,12,5632835,+16.304
2010,2,Australian Grand Prix,2010-03-28,albert_park,Melbourne,Australia,rosberg,Nico Rosberg,mercedes,6,58,Finished,5,10,5633214,+16.683
2010,2,Australian Grand Prix,2010-03-28,albert_park,Melbourne,Australia,hamilton,Lewis Hamilton,mclaren,11,58,Finished,6,8,5646429,+29.898
2011,1,Australian Grand Prix,2011-03-27,albert_park,Melbourne,Australia,vettel,Sebastian Vettel,red_bull,1,58,Finished,1,25,5370259,1:29:30.259
2011,1,Australian Grand Prix,2011-03-27,albert_park,Melbourne,Australia,hamilton,Lewis Hamilton,mclaren,2,58,Finished,2,18,5392556,+22.297
2011,1,Australian Grand Prix,2011-03-27,albert_park,Melbourne,Australia,petrov,Vitaly Petrov,renault,6,58,Finished,3,15,5400819,+30.560
2011,1,Australian Grand Prix,2011-03-27,albert_park,Melbourne,Australia,alonso,Fernando Alonso,ferrari,5,58,Finished,4,12,5402031,+31.772
2011,1,Australian Grand Prix,2011-03-27,albert_park,Melbourne,Australia,webber,Mark Webber,red_bull,3,58,Finished,5,10,5408430,+38.171
2011,1,Australian Grand Prix,2011-03-27,albert_park,Melbourne,Australia,button,Jenson Button,mclaren,4,58,Finished,6,8,5424563,+54.304
2011,1,Australian Grand Prix,2011-03-27,albert_park,Melbourne,Australia,massa,Felipe Massa,ferrari,8,58,Finished,7,6,5455445,+1:25.186
2011,1,Australian Grand Prix,2011-03-27,albert_park,Melbourne,Australia,buemi,Sébastien Buemi,toro_rosso,10,57,+1 Lap,8,4,N/A,N/A
2011,1,Australian Grand Prix,2011-03-27,albert_park,Melbourne,Australia,sutil,Adrian Sutil,force_india,16,57,+1 Lap,9,2,N/A,N/A
2011,1,Australian Grand Prix,2011-03-27,albert_park,Melbourne,Australia,resta,Paul di Resta,force_india,14,57,+1 Lap,10,1,N/A,N/A
2011,1,Australian Grand Prix,2011-03-27,albert_park,Melbourne,Australia,alguersuari,Jaime Alguersuari,toro_rosso,12,57,+1 Lap,11,0,N/A,N/A
2011,1,Australian Grand Prix,2011-03-27,albert_park,Melbourne,Australia,heidfeld,Nick Heidfeld,renault,18,57,+1 Lap,12,0,N/A,N/A
2011,1,Australian Grand Prix,2011-03-27,albert_park,Melbourne,Australia,trulli,Jarno Trulli,lotus_racing,20,56,+2 Laps,13,0,N/A,N/A
2011,1,Australian Grand Prix,2011-03-27,albert_park,Melbourne,Australia,ambrosio,Jérôme d'Ambrosio,virgin,22,54,+4 Laps,14,0,N/A,N/A
2011,1,Australian Grand Prix,2011-03-27,albert_park,Melbourne,Australia,glock,Timo Glock,virgin,21,49,+9 Laps,15,0,N/A,N/A
2011,1,Australian Grand Prix,2011-03-27,albert_park,Melbourne,Australia,barrichello,Rubens Barrichello,williams,17,48,Transmission,16,0,N/A,N/A
2011,1,Australian Grand Prix,2011-03-27,albert_park,Melbourne,Australia,rosberg,Nico Rosberg,mercedes,7,22,Collision,17,0,N/A,N/A
2011,1,Australian Grand Prix,2011-03-27,albert_park,Melbourne,Australia,kovalainen,Heikki Kovalainen,lotus_racing,19,19,Water leak,18,0,N/A,N/A
2011,1,Australian Grand Prix,2011-03-27,albert_park,Melbourne,Australia,michael_schumacher,Michael Schumacher,mercedes,11,19,Collision,19,0,N/A,N/A
2011,1,Australian Grand Prix,2011-03-27,albert_park,Melbourne,Australia,maldonado,Pastor Maldonado,williams,15,9,Transmission,20,0,N/A,N/A
2011,1,Australian Grand Prix,2011-03-27,albert_park,Melbourne,Australia,kobayashi,Kamui Kobayashi,sauber,9,58,Disqualified,21,0,N/A,N/A
2011,1,Australian Grand Prix,2011-03-27,albert_park,Melbourne,Australia,perez,Sergio Pérez,sauber,13,58,Disqualified,22,0,N/A,N/A
2011,1,Australian Grand Prix,2011-03-27,albert_park,Melbourne,Australia,liuzzi,Vitantonio Liuzzi,hrt,0,0,Did not qualify,23,0,N/A,N/A
2011,1,Australian Grand Prix,2011-03-27,albert_park,Melbourne,Australia,karthikeyan,Narain Karthikeyan,hrt,0,0,Did not qualify,24,0,N/A,N/A
2011,2,Malaysian Grand Prix,2011-04-10,sepang,Kuala Lumpur,Malaysia,vettel,Sebastian Vettel,red_bull,1,56,Finished,1,25,5859832,1:37:39.832
2011,2,Malaysian Grand Prix,2011-04-10,sepang,Kuala Lumpur,Malaysia,button,Jenson Button,mclaren,4,56,Finished,2,18,5863093,+3.261
2011,2,Malaysian Grand Prix,2011-04-10,sepang,Kuala Lumpur,Malaysia,heidfeld,Nick Heidfeld,renault,6,56,Finished,3,15,5884907,+25.075
2011,2,Malaysian Grand Prix,2011-04-10,sepang,Kuala Lumpur,Malaysia,webber,Mark Webber,red_bull,3,56,Finished,4,12,5886216,+26.384
2011,2,Malaysian Grand Prix,2011-04-10,sepang,Kuala Lumpur,Malaysia,massa,Felipe Massa,ferrari,7,56,Finished,5,10,5896790,+36.958
2011,2,Malaysian Grand Prix,2011-04-10,sepang,Kuala Lumpur,Malaysia,alonso,Fernando Alonso,ferrari,5,56,Finished,6,8,5897080,+37.248
2012,1,Australian Grand Prix,2012-03-18,albert_park,Melbourne,Australia,button,Jenson Button,mclaren,2,58,Finished,1,25,5649565,1:34:09.565
2012,1,Australian Grand Prix,2012-03-18,albert_park,Melbourne,Australia,vettel,Sebastian Vettel,red_bull,6,58,Finished,2,18,5651704,+2.139
2012,1,Australian Grand Prix,2012-03-18,albert_park,Melbourne,Australia,hamilton,Lewis Hamilton,mclaren,1,58,Finished,3,15,5653640,+4.075
2012,1,Australian Grand Prix,2012-03-18,albert_park,Melbourne,Australia,webber,Mark Webber,red_bull,5,58,Finished,4,12,5654112,+4.547
2012,1,Australian Grand Prix,2012-03-18,albert_park,Melbourne,Australia,alonso,Fernando Alonso,ferrari,12,58,Finished,5,10,5671130,+21.565
2012,1,Australian Grand Prix,2012-03-18,albert_park,Melbourne,Australia,kobayashi,Kamui Kobayashi,sauber,13,58,Finished,6,8,5686331,+36.766
2012,1,Australian Grand Prix,2012-03-18,albert_park,Melbourne,Australia,raikkonen,Kimi Räikkönen,lotus_f1,17,58,Finished,7,6,5687579,+38.014
2012,1,Australian Grand Prix,2012-03-18,albert_park,Melbourne,Australia,perez,Sergio Pérez,sauber,22,58,Finished,8,4,5689023,+39.458
2012,1,Australian Grand Prix,2012-03-18,albert_park,Melbourne,Australia,ricciardo,Daniel Ricciardo,toro_rosso,10,58,Finished,9,2,5689121,+39.556
2012,1,Australian Grand Prix,2012-03-18,albert_park,Melbourne,Australia,resta,Paul di Resta,force_india,15,58,Finished,10,1,5689302,+39.737
2012,1,Australian Grand Prix,2012-03-18,albert_park,Melbourne,Australia,vergne,Jean-Éric Vergne,toro_rosso,11,58,Finished,11,0,5689413,+39.848
2012,1,Australian Grand Prix,2012-03-18,albert_park,Melbourne,Australia,rosberg,Nico Rosberg,mercedes,7,58,Finished,12,0,5707207,+57.642
2012,1,Australian Grand Prix,2012-03-18,albert_park,Melbourne,Australia,maldonado,Pastor Maldonado,williams,8,57,Accident,13,0,N/A,N/A
2012,1,Australian Grand Prix,2012-03-18,albert_park,Melbourne,Australia,glock,Timo Glock,marussia,20,57,+1 Lap,14,0,N/A,N/A
2012,1,Australian Grand Prix,2012-03-18,albert_park,Melbourne,Australia,pic,Charles Pic,marussia,21,53,+5 Laps,15,0,N/A,N/A
2012,1,Australian Grand Prix,2012-03-18,albert_park,Melbourne,Australia,bruno_senna,Bruno Senna,williams,14,52,Collision,16,0,N/A,N/A
2012,1,Australian Grand Prix,2012-03-18,albert_park,Melbourne,Australia,massa,Felipe Massa,ferrari,16,46,Collision,17,0,N/A,N/A
2012,1,Australian Grand Prix,2012-03-18,albert_park,Melbourne,Australia,kovalainen,Heikki Kovalainen,caterham,18,38,Suspension,18,0,N/A,N/A
2012,1,Australian Grand Prix,2012-03-18,albert_park,Melbourne,Australia,petrov,Vitaly Petrov,caterham,19,34,Steering,19,0,N/A,N/A
2012,1,Australian Grand Prix,2012-03-18,albert_park,Melbourne,Australia,michael_schumacher,Michael Schumacher,mercedes,4,10,Gearbox,20,0,N/A,N/A
2012,1,Australian Grand Prix,2012-03-18,albert_park,Melbourne,Australia,grosjean,Romain Grosjean,lotus_f1,3,1,Collision,21,0,N/A,N/A
2012,1,Australian Grand Prix,2012-03-18,albert_park,Melbourne,Australia,hulkenberg,Nico Hülkenberg,force_india,9,0,Collision,22,0,N/A,N/A
2012,1,Australian Grand Prix,2012-03-18,albert_park,Melbourne,Australia,rosa,Pedro de la Rosa,hrt,0,0,Did not qualify,23,0,N/A,N/A
2012,1,Australian Grand Prix,2012-03-18,albert_park,Melbourne,Australia,karthikeyan,Narain Karthikeyan,hrt,0,0,Did not qualify,24,0,N/A,N/A
2012,2,Malaysian Grand Prix,2012-03-25,sepang,Kuala Lumpur,Malaysia,alonso,Fernando Alonso,ferrari,8,56,Finished,1,25,9891812,2:44:51.812
2012,2,Malaysian Grand Prix,2012-03-25,sepang,Kuala Lumpur,Malaysia,perez,Sergio Pérez,sauber,9,56,Finished,2,18,9894075,+2.263
2012,2,Malaysian Grand Prix,2012-03-25,sepang,Kuala Lumpur,Malaysia,hamilton,Lewis Hamilton,mclaren,1,56,Finished,3,15,9906403,+14.591
2012,2,Malaysian Grand Prix,2012-03-25,sepang,Kuala Lumpur,Malaysia,webber,Mark Webber,red_bull,4,56,Finished,4,12,9909500,+17.688
2012,2,Malaysian Grand Prix,2012-03-25,sepang,Kuala Lumpur,Malaysia,raikkonen,Kimi Räikkönen,lotus_f1,10,56,Finished,5,10,9921268,+29.456
2012,2,Malaysian Grand Prix,2012-03-25,sepang,Kuala Lumpur,Malaysia,bruno_senna,Bruno Senna,williams,13,56,Finished,6,8,9929479,+37.667
2013,1,Australian Grand Prix,2013-03-17,albert_park,Melbourne,Australia,raikkonen,Kimi Räikkönen,lotus_f1,7,58,Finished,1,25,5403225,1:30:03.225
2013,1,Australian Grand Prix,2013-03-17,albert_park,Melbourne,Australia,alonso,Fernando Alonso,ferrari,5,58,Finished,2,18,5415676,+12.451
2013,1,Australian Grand Prix,2013-03-17,albert_park,Melbourne,Australia,vettel,Sebastian Vettel,red_bull,1,58,Finished,3,15,5425571,+22.346
2013,1,Australian Grand Prix,2013-03-17,albert_park,Melbourne,Australia,massa,Felipe Massa,ferrari,4,58,Finished,4,12,5436802,+33.577
2013,1,Australian Grand Prix,2013-03-17,albert_park,Melbourne,Australia,hamilton,Lewis Hamilton,mercedes,3,58,Finished,5,10,5448786,+45.561
2013,1,Australian Grand Prix,2013-03-17,albert_park,Melbourne,Australia,webber,Mark Webber,red_bull,2,58,Finished,6,8,5450025,+46.800
2013,1,Australian Grand Prix,2013-03-17,albert_park,Melbourne,Australia,sutil,Adrian Sutil,force_india,12,58,Finished,7,6,5468293,+1:05.068
2013,1,Australian Grand Prix,2013-03-17,albert_park,Melbourne,Australia,resta,Paul di Resta,force_india,9,58,Finished,8,4,5471674,+1:08.449
2013,1,Australian Grand Prix,2013-03-17,albert_park,Melbourne,Australia,button,Jenson Button,mclaren,10,58,Finished,9,2,5484855,+1:21.630
2013,1,Australian Grand Prix,2013-03-17,albert_park,Melbourne,Australia,grosjean,Romain Grosjean,lotus_f1,8,58,Finished,10,1,5485984,+1:22.759
2013,1,Australian Grand Prix,2013-03-17,albert_park,Melbourne,Australia,perez,Sergio Pérez,mclaren,15,58,Finished,11,0,5486592,+1:23.367
2013,1,Australian Grand Prix,2013-03-17,albert_park,Melbourne,Australia,vergne,Jean-Éric Vergne,toro_rosso,13,58,Finished,12,0,5487082,+1:23.857
2013,1,Australian Grand Prix,2013-03-17,albert_park,Melbourne,Australia,gutierrez,Esteban Gutiérrez,sauber,18,57,+1 Lap,13,0,N/A,N/A
2013,1,Australian Grand Prix,2013-03-17,albert_park,Melbourne,Australia,bottas,Valtteri Bottas,williams,16,57,+1 Lap,14,0,N/A,N/A
2013,1,Australian Grand Prix,2013-03-17,albert_park,Melbourne,Australia,jules_bianchi,Jules Bianchi,marussia,19,57,+1 Lap,15,0,N/A,N/A
2013,1,Australian Grand Prix,2013-03-17,albert_park,Melbourne,Australia,pic,Charles Pic,caterham,22,56,+2 Laps,16,0,N/A,N/A
2013,1,Australian Grand Prix,2013-03-17,albert_park,Melbourne,Australia,chilton,Max Chilton,marussia,20,56,+2 Laps,17,0,N/A,N/A
2013,1,Australian Grand Prix,2013-03-17,albert_park,Melbourne,Australia,garde,Giedo van der Garde,caterham,21,56,+2 Laps,18,0,N/A,N/A
2013,1,Australian Grand Prix,2013-03-17,albert_park,Melbourne,Australia,ricciardo,Daniel Ricciardo,toro_rosso,14,39,Hydraulics,19,0,N/A,N/A
2013,1,Australian Grand Prix,2013-03-17,albert_park,Melbourne,Australia,rosberg,Nico Rosberg,mercedes,6,26,Electrical,20,0,N/A,N/A
2013,1,Australian Grand Prix,2013-03-17,albert_park,Melbourne,Australia,maldonado,Pastor Maldonado,williams,17,24,Spun off,21,0,N/A,N/A
2013,1,Australian Grand Prix,2013-03-17,albert_park,Melbourne,Australia,hulkenberg,Nico Hülkenberg,sauber,11,0,Fuel system,22,0,N/A,N/A
2013,2,Malaysian Grand Prix,2013-03-24,sepang,Kuala Lumpur,Malaysia,vettel,Sebastian Vettel,red_bull,1,56,Finished,1,25,5936681,1:38:56.681
2013,2,Malaysian Grand Prix,2013-03-24,sepang,Kuala Lumpur,Malaysia,webber,Mark Webber,red_bull,5,56,Finished,2,18,5940979,+4.298
2013,2,Malaysian Grand Prix,2013-03-24,sepang,Kuala Lumpur,Malaysia,hamilton,Lewis Hamilton,mercedes,4,56,Finished,3,15,5948862,+12.181
2013,2,Malaysian Grand Prix,2013-03-24,sepang,Kuala Lumpur,Malaysia,rosberg,Nico Rosberg,mercedes,6,56,Finished,4,12,5949321,+12.640
2013,2,Malaysian Grand Prix,2013-03-24,sepang,Kuala Lumpur,Malaysia,massa,Felipe Massa,ferrari,2,56,Finished,5,10,5962329,+25.648
2013,2,Malaysian Grand Prix,2013-03-24,sepang,Kuala Lumpur,Malaysia,grosjean,Romain Grosjean,lotus_f1,11,56,Finished,6,8,5972245,+35.564
2013,2,Malaysian Grand Prix,2013-03-24,sepang,Kuala Lumpur,Malaysia,raikkonen,Kimi Räikkönen,lotus_f1,10,56,Finished,7,6,5985160,+48.479
2013,2,Malaysian Grand Prix,2013-03-24,sepang,Kuala Lumpur,Malaysia,hulkenberg,Nico Hülkenberg,sauber,12,56,Finished,8,4,5989725,+53.044
2014,1,Australian Grand Prix,2014-03-16,albert_park,Melbourne,Australia,rosberg,Nico Rosberg,mercedes,3,57,Finished,1,25,5578710,1:32:58.710
2014,1,Australian Grand Prix,2014-03-16,albert_park,Melbourne,Australia,kevin_magnussen,Kevin Magnussen,mclaren,4,57,Finished,2,18,5605487,+26.777
2014,1,Australian Grand Prix,2014-03-16,albert_park,Melbourne,Australia,button,Jenson Button,mclaren,10,57,Finished,3,15,5608737,+30.027
2014,1,Australian Grand Prix,2014-03-16,albert_park,Melbourne,Australia,alonso,Fernando Alonso,ferrari,5,57,Finished,4,12,5613994,+35.284
2014,1,Australian Grand Prix,2014-03-16,albert_park,Melbourne,Australia,bottas,Valtteri Bottas,williams,15,57,Finished,5,10,5626349,+47.639
2014,1,Australian Grand Prix,2014-03-16,albert_park,Melbourne,Australia,hulkenberg,Nico Hülkenberg,force_india,7,57,Finished,6,8,5629428,+50.718
2014,1,Australian Grand Prix,2014-03-16,albert_park,Melbourne,Australia,raikkonen,Kimi Räikkönen,ferrari,11,57,Finished,7,6,5636385,+57.675
2014,1,Australian Grand Prix,2014-03-16,albert_park,Melbourne,Australia,vergne,Jean-Éric Vergne,toro_rosso,6,57,Finished,8,4,5639151,+1:00.441
2014,1,Australian Grand Prix,2014-03-16,albert_park,Melbourne,Australia,kvyat,Daniil Kvyat,toro_rosso,8,57,Finished,9,2,5642295,+1:03.585
2014,1,Australian Grand Prix,2014-03-16,albert_park,Melbourne,Australia,perez,Sergio Pérez,force_india,16,57,Finished,10,1,5664626,+1:25.916
2014,1,Australian Grand Prix,2014-03-16,albert_park,Melbourne,Australia,sutil,Adrian Sutil,sauber,13,56,+1 Lap,11,0,N/A,N/A
2014,1,Australian Grand Prix,2014-03-16,albert_park,Melbourne,Australia,gutierrez,Esteban Gutiérrez,sauber,20,56,+1 Lap,12,0,N/A,N/A
2014,1,Australian Grand Prix,2014-03-16,albert_park,Melbourne,Australia,chilton,Max Chilton,marussia,17,55,+2 Laps,13,0,N/A,N/A
2014,1,Australian Grand Prix,2014-03-16,albert_park,Melbourne,Australia,jules_bianchi,Jules Bianchi,marussia,18,49,+8 Laps,14,0,N/A,N/A
2014,1,Australian Grand Prix,2014-03-16,albert_park,Melbourne,Australia,grosjean,Romain Grosjean,lotus_f1,22,43,ERS,15,0,N/A,N/A
2014,1,Australian Grand Prix,2014-03-16,albert_park,Melbourne,Australia,maldonado,Pastor Maldonado,lotus_f1,21,29,ERS,16,0,N/A,N/A
2014,1,Australian Grand Prix,2014-03-16,albert_park,Melbourne,Australia,ericsson,Marcus Ericsson,caterham,19,27,Oil pressure,17,0,N/A,N/A
2014,1,Australian Grand Prix,2014-03-16,albert_park,Melbourne,Australia,vettel,Sebastian Vettel,red_bull,12,3,Engine,18,0,N/A,N/A
2014,1,Australian Grand Prix,2014-03-16,albert_park,Melbourne,Australia,hamilton,Lewis Hamilton,mercedes,1,2,Engine,19,0,N/A,N/A
2014,1,Australian Grand Prix,2014-03-16,albert_park,Melbourne,Australia,massa,Felipe Massa,williams,9,0,Collision,20,0,N/A,N/A
2014,1,Australian Grand Prix,2014-03-16,albert_park,Melbourne,Australia,kobayashi,Kamui Kobayashi,caterham,14,0,Collision,21,0,N/A,N/A
2014,1,Australian Grand Prix,2014-03-16,albert_park,Melbourne,Australia,ricciardo,Daniel Ricciardo,red_bull,2,57,Disqualified,22,0,5603235,+24.525
2014,2,Malaysian Grand Prix,2014-03-30,sepang,Kuala Lumpur,Malaysia,hamilton,Lewis Hamilton,mercedes,1,56,Finished,1,25,6025974,1:40:25.974
2014,2,Malaysian Grand Prix,2014-03-30,sepang,Kuala Lumpur,Malaysia,rosberg,Nico Rosberg,mercedes,3,56,Finished,2,18,6043287,+17.313
2014,2,Malaysian Grand Prix,2014-03-30,sepang,Kuala Lumpur,Malaysia,vettel,Sebastian Vettel,red_bull,2,56,Finished,3,15,6050508,+24.534
2014,2,Malaysian Grand Prix,2014-03-30,sepang,Kuala Lumpur,Malaysia,alonso,Fernando Alonso,ferrari,4,56,Finished,4,12,6061966,+35.992
2014,2,Malaysian Grand Prix,2014-03-30,sepang,Kuala Lumpur,Malaysia,hulkenberg,Nico Hülkenberg,force_india,7,56,Finished,5,10,6073173,+47.199
2014,2,Malaysian Grand Prix,2014-03-30,sepang,Kuala Lumpur,Malaysia,button,Jenson Button,mclaren,10,56,Finished,6,8,6109665,+1:23.691
2014,2,Malaysian Grand Prix,2014-03-30,sepang,Kuala Lumpur,Malaysia,massa,Felipe Massa,williams,13,56,Finished,7,6,6111050,+1:25.076
2014,2,Malaysian Grand Prix,2014-03-30,sepang,Kuala Lumpur,Malaysia,bottas,Valtteri Bottas,williams,18,56,Finished,8,4,6111511,+1:25.537
2015,1,Australian Grand Prix,2015-03-15,albert_park,Melbourne,Australia,hamilton,Lewis Hamilton,mercedes,1,58,Finished,1,25,5514067,1:31:54.067
2015,1,Australian Grand Prix,2015-03-15,albert_park,Melbourne,Australia,rosberg,Nico Rosberg,mercedes,2,58,Finished,2,18,5515427,+1.360
2015,1,Australian Grand Prix,2015-03-15,albert_park,Melbourne,Australia,vettel,Sebastian Vettel,ferrari,4,58,Finished,3,15,5548590,+34.523
2015,1,Australian Grand Prix,2015-03-15,albert_park,Melbourne,Australia,massa,Felipe Massa,williams,3,58,Finished,4,12,5552263,+38.196
2015,1,Australian Grand Prix,2015-03-15,albert_park,Melbourne,Australia,nasr,Felipe Nasr,sauber,10,58,Finished,5,10,5609216,+1:35.149
2015,1,Australian Grand Prix,2015-03-15,albert_park,Melbourne,Australia,ricciardo,Daniel Ricciardo,red_bull,6,57,+1 Lap,6,8,N/A,N/A
2015,1,Australian Grand Prix,2015-03-15,albert_park,Melbourne,Australia,hulkenberg,Nico Hülkenberg,force_india,13,57,+1 Lap,7,6,N/A,N/A
2015,1,Australian Grand Prix,2015-03-15,albert_park,Melbourne,Australia,ericsson,Marcus Ericsson,sauber,15,57,+1 Lap,8,4,N/A,N/A
2015,1,Australian Grand Prix,2015-03-15,albert_park,Melbourne,Australia,sainz,Carlos Sainz,toro_rosso,7,57,+1 Lap,9,2,N/A,N/A
2015,1,Australian Grand Prix,2015-03-15,albert_park,Melbourne,Australia,perez,Sergio Pérez,force_india,14,57,+1 Lap,10,1,N/A,N/A
2015,1,Australian Grand Prix,2015-03-15,albert_park,Melbourne,Australia,button,Jenson Button,mclaren,16,56,+2 Laps,11,0,N/A,N/A
2015,1,Australian Grand Prix,2015-03-15,albert_park,Melbourne,Australia,raikkonen,Kimi Räikkönen,ferrari,5,40,Wheel,12,0,N/A,N/A
2015,1,Australian Grand Prix,2015-03-15,albert_park,Melbourne,Australia,max_verstappen,Max Verstappen,toro_rosso,11,32,Engine,13,0,N/A,N/A
2015,1,Australian Grand Prix,2015-03-15,albert_park,Melbourne,Australia,grosjean,Romain Grosjean,lotus_f1,8,0,Power loss,14,0,N/A,N/A
2015,1,Australian Grand Prix,2015-03-15,albert_park,Melbourne,Australia,maldonado,Pastor Maldonado,lotus_f1,9,0,Accident,15,0,N/A,N/A
2015,1,Australian Grand Prix,2015-03-15,albert_park,Melbourne,Australia,kvyat,Daniil Kvyat,red_bull,12,0,Withdrew,16,0,N/A,N/A
2015,1,Australian Grand Prix,2015-03-15,albert_park,Melbourne,Australia,kevin_magnussen,Kevin Magnussen,mclaren,17,0,Withdrew,17,0,N/A,N/A
2015,1,Australian Grand Prix,2015-03-15,albert_park,Melbourne,Australia,bottas,Valtteri Bottas,williams,0,0,Withdrew,18,0,N/A,N/A
2015,2,Malaysian Grand Prix,2015-03-29,sepang,Kuala Lumpur,Malaysia,vettel,Sebastian Vettel,ferrari,2,56,Finished,1,25,6065793,1:41:05.793
2015,2,Malaysian Grand Prix,2015-03-29,sepang,Kuala Lumpur,Malaysia,hamilton,Lewis Hamilton,mercedes,1,56,Finished,2,18,6074362,+8.569
2015,2,Malaysian Grand Prix,2015-03-29,sepang,Kuala Lumpur,Malaysia,rosberg,Nico Rosberg,mercedes,3,56,Finished,3,15,6078103,+12.310
2015,2,Malaysian Grand Prix,2015-03-29,sepang,Kuala Lumpur,Malaysia,raikkonen,Kimi Räikkönen,ferrari,11,56,Finished,4,12,6119615,+53.822
2015,2,Malaysian Grand Prix,2015-03-29,sepang,Kuala Lumpur,Malaysia,bottas,Valtteri Bottas,williams,8,56,Finished,5,10,6136202,+1:10.409
2015,2,Malaysian Grand Prix,2015-03-29,sepang,Kuala Lumpur,Malaysia,massa,Felipe Massa,williams,7,56,Finished,6,8,6139379,+1:13.586
2015,2,Malaysian Grand Prix,2015-03-29,sepang,Kuala Lumpur,Malaysia,max_verstappen,Max Verstappen,toro_rosso,6,56,Finished,7,6,6163555,+1:37.762
2015,2,Malaysian Grand Prix,2015-03-29,sepang,Kuala Lumpur,Malaysia,sainz,Carlos Sainz,toro_rosso,15,55,+1 Lap,8,4,N/A,N/A
2015,2,Malaysian Grand Prix,2015-03-29,sepang,Kuala Lumpur,Malaysia,kvyat,Daniil Kvyat,red_bull,5,55,+1 Lap,9,2,N/A,N/A
2015,2,Malaysian Grand Prix,2015-03-29,sepang,Kuala Lumpur,Malaysia,ricciardo,Daniel Ricciardo,red_bull,4,55,+1 Lap,10,1,N/A,N/A
2015,2,Malaysian Grand Prix,2015-03-29,sepang,Kuala Lumpur,Malaysia,grosjean,Romain Grosjean,lotus_f1,10,55,+1 Lap,11,0,N/A,N/A
2015,2,Malaysian Grand Prix,2015-03-29,sepang,Kuala Lumpur,Malaysia,nasr,Felipe Nasr,sauber,16,55,+1 Lap,12,0,N/A,N/A
2016,1,Australian Grand Prix,2016-03-20,albert_park,Melbourne,Australia,rosberg,Nico Rosberg,mercedes,2,57,Finished,1,25,6495565,1:48:15.565
2016,1,Australian Grand Prix,2016-03-20,albert_park,Melbourne,Australia,hamilton,Lewis Hamilton,mercedes,1,57,Finished,2,18,6503625,+8.060
2016,1,Australian Grand Prix,2016-03-20,albert_park,Melbourne,Australia,vettel,Sebastian Vettel,ferrari,3,57,Finished,3,15,6505208,+9.643
2016,1,Australian Grand Prix,2016-03-20,albert_park,Melbourne,Australia,ricciardo,Daniel Ricciardo,red_bull,8,57,Finished,4,12,6519895,+24.330
2016,1,Australian Grand Prix,2016-03-20,albert_park,Melbourne,Australia,massa,Felipe Massa,williams,6,57,Finished,5,10,6554544,+58.979
2016,1,Australian Grand Prix,2016-03-20,albert_park,Melbourne,Australia,grosjean,Romain Grosjean,haas,19,57,Finished,6,8,6567646,+1:12.081
2016,1,Australian Grand Prix,2016-03-20,albert_park,Melbourne,Australia,hulkenberg,Nico Hülkenberg,force_india,10,57,Finished,7,6,6569764,+1:14.199
2016,1,Australian Grand Prix,2016-03-20,albert_park,Melbourne,Australia,bottas,Valtteri Bottas,williams,16,57,Finished,8,4,6570718,+1:15.153
2016,1,Australian Grand Prix,2016-03-20,albert_park,Melbourne,Australia,sainz,Carlos Sainz,toro_rosso,7,57,Finished,9,2,6571245,+1:15.680
2016,1,Australian Grand Prix,2016-03-20,albert_park,Melbourne,Australia,max_verstappen,Max Verstappen,toro_rosso,5,57,Finished,10,1,6572398,+1:16.833
2016,1,Australian Grand Prix,2016-03-20,albert_park,Melbourne,Australia,jolyon_palmer,Jolyon Palmer,renault,13,57,Finished,11,0,6578964,+1:23.399
2016,1,Australian Grand Prix,2016-03-20,albert_park,Melbourne,Australia,kevin_magnussen,Kevin Magnussen,renault,14,57,Finished,12,0,6581171,+1:25.606
2016,1,Australian Grand Prix,2016-03-20,albert_park,Melbourne,Australia,perez,Sergio Pérez,force_india,9,57,Finished,13,0,6587264,+1:31.699
2016,1,Australian Grand Prix,2016-03-20,albert_park,Melbourne,Australia,button,Jenson Button,mclaren,12,56,+1 Lap,14,0,N/A,N/A
2016,1,Australian Grand Prix,2016-03-20,albert_park,Melbourne,Australia,nasr,Felipe Nasr,sauber,17,56,+1 Lap,15,0,N/A,N/A
2016,1,Australian Grand Prix,2016-03-20,albert_park,Melbourne,Australia,wehrlein,Pascal Wehrlein,manor,21,56,+1 Lap,16,0,N/A,N/A
2016,1,Australian Grand Prix,2016-03-20,albert_park,Melbourne,Australia,ericsson,Marcus Ericsson,sauber,15,38,Engine,17,0,N/A,N/A
2016,1,Australian Grand Prix,2016-03-20,albert_park,Melbourne,Australia,raikkonen,Kimi Räikkönen,ferrari,4,21,Engine,18,0,N/A,N/A
2016,1,Australian Grand Prix,2016-03-20,albert_park,Melbourne,Australia,haryanto,Rio Haryanto,manor,22,17,Mechanical,19,0,N/A,N/A
2016,1,Australian Grand Prix,2016-03-20,albert_park,Melbourne,Australia,gutierrez,Esteban Gutiérrez,haas,20,16,Collision,20,0,N/A,N/A
2016,1,Australian Grand Prix,2016-03-20,albert_park,Melbourne,Australia,alonso,Fernando Alonso,mclaren,11,16,Collision,21,0,N/A,N/A
2016,1,Australian Grand Prix,2016-03-20,albert_park,Melbourne,Australia,kvyat,Daniil Kvyat,red_bull,18,0,Retired,22,0,N/A,N/A
2016,2,Bahrain Grand Prix,2016-04-03,bahrain,Sakhir,Bahrain,rosberg,Nico Rosberg,mercedes,2,57,Finished,1,25,5614696,1:33:34.696
2016,2,Bahrain Grand Prix,2016-04-03,bahrain,Sakhir,Bahrain,raikkonen,Kimi Räikkönen,ferrari,4,57,Finished,2,18,5624978,+10.282
2016,2,Bahrain Grand Prix,2016-04-03,bahrain,Sakhir,Bahrain,hamilton,Lewis Hamilton,mercedes,1,57,Finished,3,15,5644844,+30.148
2016,2,Bahrain Grand Prix,2016-04-03,bahrain,Sakhir,Bahrain,ricciardo,Daniel Ricciardo,red_bull,5,57,Finished,4,12,5677190,+1:02.494
2016,2,Bahrain Grand Prix,2016-04-03,bahrain,Sakhir,Bahrain,grosjean,Romain Grosjean,haas,9,57,Finished,5,10,5692995,+1:18.299
2016,2,Bahrain Grand Prix,2016-04-03,bahrain,Sakhir,Bahrain,max_verstappen,Max Verstappen,toro_rosso,10,57,Finished,6,8,5695625,+1:20.929
2016,2,Bahrain Grand Prix,2016-04-03,bahrain,Sakhir,Bahrain,kvyat,Daniil Kvyat,red_bull,15,56,+1 Lap,7,6,N/A,N/A
2016,2,Bahrain Grand Prix,2016-04-03,bahrain,Sakhir,Bahrain,massa,Felipe Massa,williams,7,56,+1 Lap,8,4,N/A,N/A
2017,1,Australian Grand Prix,2017-03-26,albert_park,Melbourne,Australia,vettel,Sebastian Vettel,ferrari,2,57,Finished,1,25,5051672,1:24:11.672
2017,1,Australian Grand Prix,2017-03-26,albert_park,Melbourne,Australia,hamilton,Lewis Hamilton,mercedes,1,57,Finished,2,18,5061647,+9.975
2017,1,Australian Grand Prix,2017-03-26,albert_park,Melbourne,Australia,bottas,Valtteri Bottas,mercedes,3,57,Finished,3,15,5062922,+11.250
2017,1,Australian Grand Prix,2017-03-26,albert_park,Melbourne,Australia,raikkonen,Kimi Räikkönen,ferrari,4,57,Finished,4,12,5074065,+22.393
2017,1,Australian Grand Prix,2017-03-26,albert_park,Melbourne,Australia,max_verstappen,Max Verstappen,red_bull,5,57,Finished,5,10,5080499,+28.827
2017,1,Australian Grand Prix,2017-03-26,albert_park,Melbourne,Australia,massa,Felipe Massa,williams,7,57,Finished,6,8,5135058,+1:23.386
2017,1,Australian Grand Prix,2017-03-26,albert_park,Melbourne,Australia,perez,Sergio Pérez,force_india,10,56,+1 Lap,7,6,N/A,N/A
2017,1,Australian Grand Prix,2017-03-26,albert_park,Melbourne,Australia,sainz,Carlos Sainz,toro_rosso,8,56,+1 Lap,8,4,N/A,N/A
2017,1,Australian Grand Prix,2017-03-26,albert_park,Melbourne,Australia,kvyat,Daniil Kvyat,toro_rosso,9,56,+1 Lap,9,2,N/A,N/A
2017,1,Australian Grand Prix,2017-03-26,albert_park,Melbourne,Australia,ocon,Esteban Ocon,force_india,13,56,+1 Lap,10,1,N/A,N/A
2017,1,Australian Grand Prix,2017-03-26,albert_park,Melbourne,Australia,hulkenberg,Nico Hülkenberg,renault,11,56,+1 Lap,11,0,N/A,N/A
2017,1,Australian Grand Prix,2017-03-26,albert_park,Melbourne,Australia,giovinazzi,Antonio Giovinazzi,sauber,16,55,+2 Laps,12,0,N/A,N/A
2017,1,Australian Grand Prix,2017-03-26,albert_park,Melbourne,Australia,vandoorne,Stoffel Vandoorne,mclaren,18,55,+2 Laps,13,0,N/A,N/A
2017,1,Australian Grand Prix,2017-03-26,albert_park,Melbourne,Australia,alonso,Fernando Alonso,mclaren,12,50,Vibrations,14,0,N/A,N/A
2017,1,Australian Grand Prix,2017-03-26,albert_park,Melbourne,Australia,kevin_magnussen,Kevin Magnussen,haas,17,46,Suspension,15,0,N/A,N/A
2017,1,Australian Grand Prix,2017-03-26,albert_park,Melbourne,Australia,stroll,Lance Stroll,williams,20,40,Brakes,16,0,N/A,N/A
2017,1,Australian Grand Prix,2017-03-26,albert_park,Melbourne,Australia,ricciardo,Daniel Ricciardo,red_bull,0,25,Power Unit,17,0,N/A,N/A
2017,1,Australian Grand Prix,2017-03-26,albert_park,Melbourne,Australia,ericsson,Marcus Ericsson,sauber,14,21,Hydraulics,18,0,N/A,N/A
2017,1,Australian Grand Prix,2017-03-26,albert_park,Melbourne,Australia,jolyon_palmer,Jolyon Palmer,renault,19,15,Brakes,19,0,N/A,N/A
2017,1,Australian Grand Prix,2017-03-26,albert_park,Melbourne,Australia,grosjean,Romain Grosjean,haas,6,13,Water leak,20,0,N/A,N/A
2017,2,Chinese Grand Prix,2017-04-09,shanghai,Shanghai,China,hamilton,Lewis Hamilton,mercedes,1,56,Finished,1,25,5856158,1:37:36.158
2017,2,Chinese Grand Prix,2017-04-09,shanghai,Shanghai,China,vettel,Sebastian Vettel,ferrari,2,56,Finished,2,18,5862408,+6.250
2017,2,Chinese Grand Prix,2017-04-09,shanghai,Shanghai,China,max_verstappen,Max Verstappen,red_bull,16,56,Finished,3,15,5901350,+45.192
2017,2,Chinese Grand Prix,2017-04-09,shanghai,Shanghai,China,ricciardo,Daniel Ricciardo,red_bull,5,56,Finished,4,12,5902193,+46.035
2017,2,Chinese Grand Prix,2017-04-09,shanghai,Shanghai,China,raikkonen,Kimi Räikkönen,ferrari,4,56,Finished,5,10,5904234,+48.076
2017,2,Chinese Grand Prix,2017-04-09,shanghai,Shanghai,China,bottas,Valtteri Bottas,mercedes,3,56,Finished,6,8,5904966,+48.808
2017,2,Chinese Grand Prix,2017-04-09,shanghai,Shanghai,China,sainz,Carlos Sainz,toro_rosso,11,56,Finished,7,6,5929051,+1:12.893
2017,2,Chinese Grand Prix,2017-04-09,shanghai,Shanghai,China,kevin_magnussen,Kevin Magnussen,haas,12,55,+1 Lap,8,4,N/A,N/A
2017,2,Chinese Grand Prix,2017-04-09,shanghai,Shanghai,China,perez,Sergio Pérez,force_india,8,55,+1 Lap,9,2,N/A,N/A
2017,2,Chinese Grand Prix,2017-04-09,shanghai,Shanghai,China,ocon,Esteban Ocon,force_india,17,55,+1 Lap,10,1,N/A,N/A
2018,1,Australian Grand Prix,2018-03-25,albert_park,Melbourne,Australia,vettel,Sebastian Vettel,ferrari,3,58,Finished,1,25,5373283,1:29:33.283
2018,1,Australian Grand Prix,2018-03-25,albert_park,Melbourne,Australia,hamilton,Lewis Hamilton,mercedes,1,58,Finished,2,18,5378319,+5.036
2018,1,Australian Grand Prix,2018-03-25,albert_park,Melbourne,Australia,raikkonen,Kimi Räikkönen,ferrari,2,58,Finished,3,15,5379592,+6.309
2018,1,Australian Grand Prix,2018-03-25,albert_park,Melbourne,Australia,ricciardo,Daniel Ricciardo,red_bull,8,58,Finished,4,12,5380352,+7.069
2018,1,Australian Grand Prix,2018-03-25,albert_park,Melbourne,Australia,alonso,Fernando Alonso,mclaren,10,58,Finished,5,10,5401169,+27.886
2018,1,Australian Grand Prix,2018-03-25,albert_park,Melbourne,Australia,max_verstappen,Max Verstappen,red_bull,4,58,Finished,6,8,5402228,+28.945
2018,1,Australian Grand Prix,2018-03-25,albert_park,Melbourne,Australia,hulkenberg,Nico Hülkenberg,renault,7,58,Finished,7,6,5405954,+32.671
2018,1,Australian Grand Prix,2018-03-25,albert_park,Melbourne,Australia,bottas,Valtteri Bottas,mercedes,15,58,Finished,8,4,5407622,+34.339
2018,1,Australian Grand Prix,2018-03-25,albert_park,Melbourne,Australia,vandoorne,Stoffel Vandoorne,mclaren,11,58,Finished,9,2,5408204,+34.921
2018,1,Australian Grand Prix,2018-03-25,albert_park,Melbourne,Australia,sainz,Carlos Sainz,renault,9,58,Finished,10,1,5419005,+45.722
2018,1,Australian Grand Prix,2018-03-25,albert_park,Melbourne,Australia,perez,Sergio Pérez,force_india,12,58,Finished,11,0,5420100,+46.817
2018,1,Australian Grand Prix,2018-03-25,albert_park,Melbourne,Australia,ocon,Esteban Ocon,force_india,14,58,Finished,12,0,5433561,+1:00.278
2018,1,Australian Grand Prix,2018-03-25,albert_park,Melbourne,Australia,leclerc,Charles Leclerc,sauber,18,58,Finished,13,0,5449042,+1:15.759
2018,1,Australian Grand Prix,2018-03-25,albert_park,Melbourne,Australia,stroll,Lance Stroll,williams,13,58,Finished,14,0,5451571,+1:18.288
2018,1,Australian Grand Prix,2018-03-25,albert_park,Melbourne,Australia,brendon_hartley,Brendon Hartley,toro_rosso,16,57,+1 Lap,15,0,N/A,N/A
2018,1,Australian Grand Prix,2018-03-25,albert_park,Melbourne,Australia,grosjean,Romain Grosjean,haas,6,24,Wheel,16,0,N/A,N/A
2018,1,Australian Grand Prix,2018-03-25,albert_park,Melbourne,Australia,kevin_magnussen,Kevin Magnussen,haas,5,22,Wheel,17,0,N/A,N/A
2018,1,Australian Grand Prix,2018-03-25,albert_park,Melbourne,Australia,gasly,Pierre Gasly,toro_rosso,20,13,Engine,18,0,N/A,N/A
2018,1,Australian Grand Prix,2018-03-25,albert_park,Melbourne,Australia,ericsson,Marcus Ericsson,sauber,17,5,Steering,19,0,N/A,N/A
2018,1,Australian Grand Prix,2018-03-25,albert_park,Melbourne,Australia,sirotkin,Sergey Sirotkin,williams,19,4,Brakes,20,0,N/A,N/A
2018,2,Bahrain Grand Prix,2018-04-08,bahrain,Sakhir,Bahrain,vettel,Sebastian Vettel,ferrari,1,57,Finished,1,25,5521940,1:32:01.940
2018,2,Bahrain Grand Prix,2018-04-08,bahrain,Sakhir,Bahrain,bottas,Valtteri Bottas,mercedes,3,57,Finished,2,18,5522639,+0.699
2018,2,Bahrain Grand Prix,2018-04-08,bahrain,Sakhir,Bahrain,hamilton,Lewis Hamilton,mercedes,9,57,Finished,3,15,5528452,+6.512
2018,2,Bahrain Grand Prix,2018-04-08,bahrain,Sakhir,Bahrain,gasly,Pierre Gasly,toro_rosso,5,57,Finished,4,12,5584174,+1:02.234
2018,2,Bahrain Grand Prix,2018-04-08,bahrain,Sakhir,Bahrain,kevin_magnussen,Kevin Magnussen,haas,6,57,Finished,5,10,5596986,+1:15.046
2018,2,Bahrain Grand Prix,2018-04-08,bahrain,Sakhir,Bahrain,hulkenberg,Nico Hülkenberg,renault,7,57,Finished,6,8,5620964,+1:39.024
2018,2,Bahrain Grand Prix,2018-04-08,bahrain,Sakhir,Bahrain,alonso,Fernando Alonso,mclaren,13,56,+1 Lap,7,6,N/A,N/A
2018,2,Bahrain Grand Prix,2018-04-08,bahrain,Sakhir,Bahrain,vandoorne,Stoffel Vandoorne,mclaren,14,56,+1 Lap,8,4,N/A,N/A
2018,2,Bahrain Grand Prix,2018-04-08,bahrain,Sakhir,Bahrain,ericsson,Marcus Ericsson,sauber,17,56,+1 Lap,9,2,N/A,N/A
2018,2,Bahrain Grand Prix,2018-04-08,bahrain,Sakhir,Bahrain,ocon,Esteban Ocon,force_india,8,56,+1 Lap,10,1,N/A,N/A
2019,1,Australian Grand Prix,2019-03-17,albert_park,Melbourne,Australia,bottas,Valtteri Bottas,mercedes,2,58,Finished,1,26,5127325,1:25:27.325
2019,1,Australian Grand Prix,2019-03-17,albert_park,Melbourne,Australia,hamilton,Lewis Hamilton,mercedes,1,58,Finished,2,18,5148211,+20.886
2019,1,Australian Grand Prix,2019-03-17,albert_park,Melbourne,Australia,max_verstappen,Max Verstappen,red_bull,4,58,Finished,3,15,5149845,+22.520
2019,1,Australian Grand Prix,2019-03-17,albert_park,Melbourne,Australia,vettel,Sebastian Vettel,ferrari,3,58,Finished,4,12,5184434,+57.109
2019,1,Australian Grand Prix,2019-03-17,albert_park,Melbourne,Australia,leclerc,Charles Leclerc,ferrari,5,58,Finished,5,10,5185528,+58.203
2019,1,Australian Grand Prix,2019-03-17,albert_park,Melbourne,Australia,kevin_magnussen,Kevin Magnussen,haas,7,58,Finished,6,8,5214481,+1:27.156
2019,1,Australian Grand Prix,2019-03-17,albert_park,Melbourne,Australia,hulkenberg,Nico Hülkenberg,renault,11,57,+1 Lap,7,6,N/A,N/A
2019,1,Australian Grand Prix,2019-03-17,albert_park,Melbourne,Australia,raikkonen,Kimi Räikkönen,alfa,9,57,+1 Lap,8,4,N/A,N/A
2019,1,Australian Grand Prix,2019-03-17,albert_park,Melbourne,Australia,stroll,Lance Stroll,racing_point,16,57,+1 Lap,9,2,N/A,N/A
2019,1,Australian Grand Prix,2019-03-17,albert_park,Melbourne,Australia,kvyat,Daniil Kvyat,toro_rosso,15,57,+1 Lap,10,1,N/A,N/A
2019,1,Australian Grand Prix,2019-03-17,albert_park,Melbourne,Australia,gasly,Pierre Gasly,red_bull,17,57,+1 Lap,11,0,N/A,N/A
2019,1,Australian Grand Prix,2019-03-17,albert_park,Melbourne,Australia,norris,Lando Norris,mclaren,8,57,+1 Lap,12,0,N/A,N/A
2019,1,Australian Grand Prix,2019-03-17,albert_park,Melbourne,Australia,perez,Sergio Pérez,racing_point,10,57,+1 Lap,13,0,N/A,N/A
2019,1,Australian Grand Prix,2019-03-17,albert_park,Melbourne,Australia,albon,Alexander Albon,toro_rosso,13,57,+1 Lap,14,0,N/A,N/A
2019,1,Australian Grand Prix,2019-03-17,albert_park,Melbourne,Australia,giovinazzi,Antonio Giovinazzi,alfa,14,57,+1 Lap,15,0,N/A,N/A
2019,1,Australian Grand Prix,2019-03-17,albert_park,Melbourne,Australia,russell,George Russell,williams,19,56,+2 Laps,16,0,N/A,N/A
2019,1,Australian Grand Prix,2019-03-17,albert_park,Melbourne,Australia,kubica,Robert Kubica,williams,20,55,+3 Laps,17,0,N/A,N/A
2019,1,Australian Grand Prix,2019-03-17,albert_park,Melbourne,Australia,grosjean,Romain Grosjean,haas,6,29,Wheel,18,0,N/A,N/A
2019,1,Australian Grand Prix,2019-03-17,albert_park,Melbourne,Australia,ricciardo,Daniel Ricciardo,renault,12,28,Damage,19,0,N/A,N/A
2019,1,Australian Grand Prix,2019-03-17,albert_park,Melbourne,Australia,sainz,Carlos Sainz,mclaren,18,9,Engine,20,0,N/A,N/A
2019,2,Bahrain Grand Prix,2019-03-31,bahrain,Sakhir,Bahrain,hamilton,Lewis Hamilton,mercedes,3,57,Finished,1,25,5661295,1:34:21.295
2019,2,Bahrain Grand Prix,2019-03-31,bahrain,Sakhir,Bahrain,bottas,Valtteri Bottas,mercedes,4,57,Finished,2,18,5664275,+2.980
2019,2,Bahrain Grand Prix,2019-03-31,bahrain,Sakhir,Bahrain,leclerc,Charles Leclerc,ferrari,1,57,Finished,3,16,5667426,+6.131
2019,2,Bahrain Grand Prix,2019-03-31,bahrain,Sakhir,Bahrain,max_verstappen,Max Verstappen,red_bull,5,57,Finished,4,12,5667703,+6.408
2019,2,Bahrain Grand Prix,2019-03-31,bahrain,Sakhir,Bahrain,vettel,Sebastian Vettel,ferrari,2,57,Finished,5,10,5697363,+36.068
2019,2,Bahrain Grand Prix,2019-03-31,bahrain,Sakhir,Bahrain,norris,Lando Norris,mclaren,9,57,Finished,6,8,5707049,+45.754
2019,2,Bahrain Grand Prix,2019-03-31,bahrain,Sakhir,Bahrain,raikkonen,Kimi Räikkönen,alfa,8,57,Finished,7,6,5708765,+47.470
2019,2,Bahrain Grand Prix,2019-03-31,bahrain,Sakhir,Bahrain,gasly,Pierre Gasly,red_bull,13,57,Finished,8,4,5719389,+58.094
2019,2,Bahrain Grand Prix,2019-03-31,bahrain,Sakhir,Bahrain,albon,Alexander Albon,toro_rosso,12,57,Finished,9,2,5723992,+1:02.697
2019,2,Bahrain Grand Prix,2019-03-31,bahrain,Sakhir,Bahrain,perez,Sergio Pérez,racing_point,14,57,Finished,10,1,5724991,+1:03.696
2020,1,Austrian Grand Prix,2020-07-05,red_bull_ring,Spielberg,Austria,bottas,Valtteri Bottas,mercedes,1,71,Finished,1,25,5455739,1:30:55.739
2020,1,Austrian Grand Prix,2020-07-05,red_bull_ring,Spielberg,Austria,leclerc,Charles Leclerc,ferrari,7,71,Finished,2,18,5458439,+2.700
2020,1,Austrian Grand Prix,2020-07-05,red_bull_ring,Spielberg,Austria,norris,Lando Norris,mclaren,3,71,Finished,3,16,5461230,+5.491
2020,1,Austrian Grand Prix,2020-07-05,red_bull_ring,Spielberg,Austria,hamilton,Lewis Hamilton,mercedes,5,71,Finished,4,12,5461428,+5.689
2020,1,Austrian Grand Prix,2020-07-05,red_bull_ring,Spielberg,Austria,sainz,Carlos Sainz,mclaren,8,71,Finished,5,10,5464642,+8.903
2020,1,Austrian Grand Prix,2020-07-05,red_bull_ring,Spielberg,Austria,perez,Sergio Pérez,racing_point,6,71,Finished,6,8,5470831,+15.092
2020,1,Austrian Grand Prix,2020-07-05,red_bull_ring,Spielberg,Austria,gasly,Pierre Gasly,alphatauri,12,71,Finished,7,6,5472421,+16.682
2020,1,Austrian Grand Prix,2020-07-05,red_bull_ring,Spielberg,Austria,ocon,Esteban Ocon,renault,14,71,Finished,8,4,5473195,+17.456
2020,1,Austrian Grand Prix,2020-07-05,red_bull_ring,Spielberg,Austria,giovinazzi,Antonio Giovinazzi,alfa,18,71,Finished,9,2,5476885,+21.146
2020,1,Austrian Grand Prix,2020-07-05,red_bull_ring,Spielberg,Austria,vettel,Sebastian Vettel,ferrari,11,71,Finished,10,1,5480284,+24.545
2020,1,Austrian Grand Prix,2020-07-05,red_bull_ring,Spielberg,Austria,latifi,Nicholas Latifi,williams,20,71,Finished,11,0,5487389,+31.650
2020,1,Austrian Grand Prix,2020-07-05,red_bull_ring,Spielberg,Austria,kvyat,Daniil Kvyat,alphatauri,13,69,Suspension,12,0,N/A,N/A
2020,1,Austrian Grand Prix,2020-07-05,red_bull_ring,Spielberg,Austria,albon,Alexander Albon,red_bull,4,67,Electronics,13,0,N/A,N/A
2020,1,Austrian Grand Prix,2020-07-05,red_bull_ring,Spielberg,Austria,raikkonen,Kimi Räikkönen,alfa,19,53,Wheel,14,0,N/A,N/A
2020,1,Austrian Grand Prix,2020-07-05,red_bull_ring,Spielberg,Austria,russell,George Russell,williams,17,49,Fuel pressure,15,0,N/A,N/A
2020,1,Austrian Grand Prix,2020-07-05,red_bull_ring,Spielberg,Austria,grosjean,Romain Grosjean,haas,15,49,Brakes,16,0,N/A,N/A
2020,1,Austrian Grand Prix,2020-07-05,red_bull_ring,Spielberg,Austria,kevin_magnussen,Kevin Magnussen,haas,16,24,Brakes,17,0,N/A,N/A
2020,1,Austrian Grand Prix,2020-07-05,red_bull_ring,Spielberg,Austria,stroll,Lance Stroll,racing_point,9,20,Engine,18,0,N/A,N/A
2020,1,Austrian Grand Prix,2020-07-05,red_bull_ring,Spielberg,Austria,ricciardo,Daniel Ricciardo,renault,10,17,Overheating,19,0,N/A,N/A
2020,1,Austrian Grand Prix,2020-07-05,red_bull_ring,Spielberg,Austria,max_verstappen,Max Verstappen,red_bull,2,11,Electronics,20,0,N/A,N/A
2020,2,Styrian Grand Prix,2020-07-12,red_bull_ring,Spielberg,Austria,hamilton,Lewis Hamilton,mercedes,1,71,Finished,1,25,4970683,1:22:50.683
2020,2,Styrian Grand Prix,2020-07-12,red_bull_ring,Spielberg,Austria,bottas,Valtteri Bottas,mercedes,4,71,Finished,2,18,4984402,+13.719
2020,2,Styrian Grand Prix,2020-07-12,red_bull_ring,Spielberg,Austria,max_verstappen,Max Verstappen,red_bull,2,71,Finished,3,15,5004381,+33.698
2020,2,Styrian Grand Prix,2020-07-12,red_bull_ring,Spielberg,Austria,albon,Alexander Albon,red_bull,6,71,Finished,4,12,5015083,+44.400
2020,2,Styrian Grand Prix,2020-07-12,red_bull_ring,Spielberg,Austria,norris,Lando Norris,mclaren,9,71,Finished,5,10,5032153,+1:01.470
2020,2,Styrian Grand Prix,2020-07-12,red_bull_ring,Spielberg,Austria,perez,Sergio Pérez,racing_point,17,71,Finished,6,8,5033070,+1:02.387
2020,2,Styrian Grand Prix,2020-07-12,red_bull_ring,Spielberg,Austria,stroll,Lance Stroll,racing_point,12,71,Finished,7,6,5033136,+1:02.453
2020,2,Styrian Grand Prix,2020-07-12,red_bull_ring,Spielberg,Austria,ricciardo,Daniel Ricciardo,renault,8,71,Finished,8,4,5033274,+1:02.591
2020,2,Styrian Grand Prix,2020-07-12,red_bull_ring,Spielberg,Austria,sainz,Carlos Sainz,mclaren,3,70,+1 Lap,9,3,N/A,N/A
2020,2,Styrian Grand Prix,2020-07-12,red_bull_ring,Spielberg,Austria,kvyat,Daniil Kvyat,alphatauri,13,70,+1 Lap,10,1,N/A,N/A
2021,1,Bahrain Grand Prix,2021-03-28,bahrain,Sakhir,Bahrain,hamilton,Lewis Hamilton,mercedes,2,56,Finished,1,25,5523897,1:32:03.897
2021,1,Bahrain Grand Prix,2021-03-28,bahrain,Sakhir,Bahrain,max_verstappen,Max Verstappen,red_bull,1,56,Finished,2,18,5524642,+0.745
2021,1,Bahrain Grand Prix,2021-03-28,bahrain,Sakhir,Bahrain,bottas,Valtteri Bottas,mercedes,3,56,Finished,3,16,5561280,+37.383
2021,1,Bahrain Grand Prix,2021-03-28,bahrain,Sakhir,Bahrain,norris,Lando Norris,mclaren,7,56,Finished,4,12,5570363,+46.466
2021,1,Bahrain Grand Prix,2021-03-28,bahrain,Sakhir,Bahrain,perez,Sergio Pérez,red_bull,0,56,Finished,5,10,5575944,+52.047
2021,1,Bahrain Grand Prix,2021-03-28,bahrain,Sakhir,Bahrain,leclerc,Charles Leclerc,ferrari,4,56,Finished,6,8,5582987,+59.090
2021,1,Bahrain Grand Prix,2021-03-28,bahrain,Sakhir,Bahrain,ricciardo,Daniel Ricciardo,mclaren,6,56,Finished,7,6,5589901,+66.004
2021,1,Bahrain Grand Prix,2021-03-28,bahrain,Sakhir,Bahrain,sainz,Carlos Sainz,ferrari,8,56,Finished,8,4,5590997,+67.100
2021,1,Bahrain Grand Prix,2021-03-28,bahrain,Sakhir,Bahrain,tsunoda,Yuki Tsunoda,alphatauri,13,56,Finished,9,2,5609589,+85.692
2021,1,Bahrain Grand Prix,2021-03-28,bahrain,Sakhir,Bahrain,stroll,Lance Stroll,aston_martin,10,56,Finished,10,1,5610610,+86.713
2021,1,Bahrain Grand Prix,2021-03-28,bahrain,Sakhir,Bahrain,raikkonen,Kimi Räikkönen,alfa,14,56,Finished,11,0,5612761,+88.864
2021,1,Bahrain Grand Prix,2021-03-28,bahrain,Sakhir,Bahrain,giovinazzi,Antonio Giovinazzi,alfa,12,55,+1 Lap,12,0,N/A,N/A
2021,1,Bahrain Grand Prix,2021-03-28,bahrain,Sakhir,Bahrain,ocon,Esteban Ocon,alpine,16,55,+1 Lap,13,0,N/A,N/A
2021,1,Bahrain Grand Prix,2021-03-28,bahrain,Sakhir,Bahrain,russell,George Russell,williams,15,55,+1 Lap,14,0,N/A,N/A
2021,1,Bahrain Grand Prix,2021-03-28,bahrain,Sakhir,Bahrain,vettel,Sebastian Vettel,aston_martin,20,55,+1 Lap,15,0,N/A,N/A
2021,1,Bahrain Grand Prix,2021-03-28,bahrain,Sakhir,Bahrain,mick_schumacher,Mick Schumacher,haas,18,55,+1 Lap,16,0,N/A,N/A
2021,1,Bahrain Grand Prix,2021-03-28,bahrain,Sakhir,Bahrain,gasly,Pierre Gasly,alphatauri,5,52,Retired,17,0,N/A,N/A
2021,1,Bahrain Grand Prix,2021-03-28,bahrain,Sakhir,Bahrain,latifi,Nicholas Latifi,williams,17,51,Retired,18,0,N/A,N/A
2021,1,Bahrain Grand Prix,2021-03-28,bahrain,Sakhir,Bahrain,alonso,Fernando Alonso,alpine,9,32,Brakes,19,0,N/A,N/A
2021,1,Bahrain Grand Prix,2021-03-28,bahrain,Sakhir,Bahrain,mazepin,Nikita Mazepin,haas,19,0,Accident,20,0,N/A,N/A
2021,2,Emilia Romagna Grand Prix,2021-04-18,imola,Imola,Italy,max_verstappen,Max Verstappen,red_bull,3,63,Finished,1,25,7354598,2:02:34.598
2021,2,Emilia Romagna Grand Prix,2021-04-18,imola,Imola,Italy,hamilton,Lewis Hamilton,mercedes,1,63,Finished,2,19,7376598,+22.000
2021,2,Emilia Romagna Grand Prix,2021-04-18,imola,Imola,Italy,norris,Lando Norris,mclaren,7,63,Finished,3,15,7378300,+23.702
2021,2,Emilia Romagna Grand Prix,2021-04-18,imola,Imola,Italy,leclerc,Charles Leclerc,ferrari,4,63,Finished,4,12,7380177,+25.579
2021,2,Emilia Romagna Grand Prix,2021-04-18,imola,Imola,Italy,sainz,Carlos Sainz,ferrari,11,63,Finished,5,10,7381634,+27.036
2021,2,Emilia Romagna Grand Prix,2021-04-18,imola,Imola,Italy,ricciardo,Daniel Ricciardo,mclaren,6,63,Finished,6,8,7405818,+51.220
2021,2,Emilia Romagna Grand Prix,2021-04-18,imola,Imola,Italy,gasly,Pierre Gasly,alphatauri,5,63,Finished,7,6,7407416,+52.818
2021,2,Emilia Romagna Grand Prix,2021-04-18,imola,Imola,Italy,stroll,Lance Stroll,aston_martin,10,63,Finished,8,4,7411507,+56.909
2021,2,Emilia Romagna Grand Prix,2021-04-18,imola,Imola,Italy,ocon,Esteban Ocon,alpine,9,63,Finished,9,2,7420302,+65.704
2021,2,Emilia Romagna Grand Prix,2021-04-18,imola,Imola,Italy,alonso,Fernando Alonso,alpine,15,63,Finished,10,1,7421159,+66.561
2022,1,Bahrain Grand Prix,2022-03-20,bahrain,Sakhir,Bahrain,leclerc,Charles Leclerc,ferrari,1,57,Finished,1,26,5853584,1:37:33.584
2022,1,Bahrain Grand Prix,2022-03-20,bahrain,Sakhir,Bahrain,sainz,Carlos Sainz,ferrari,3,57,Finished,2,18,5859182,+5.598
2022,1,Bahrain Grand Prix,2022-03-20,bahrain,Sakhir,Bahrain,hamilton,Lewis Hamilton,mercedes,5,57,Finished,3,15,5863259,+9.675
2022,1,Bahrain Grand Prix,2022-03-20,bahrain,Sakhir,Bahrain,russell,George Russell,mercedes,9,57,Finished,4,12,5864795,+11.211
2022,1,Bahrain Grand Prix,2022-03-20,bahrain,Sakhir,Bahrain,kevin_magnussen,Kevin Magnussen,haas,7,57,Finished,5,10,5868338,+14.754
2022,1,Bahrain Grand Prix,2022-03-20,bahrain,Sakhir,Bahrain,bottas,Valtteri Bottas,alfa,6,57,Finished,6,8,5869703,+16.119
2022,1,Bahrain Grand Prix,2022-03-20,bahrain,Sakhir,Bahrain,ocon,Esteban Ocon,alpine,11,57,Finished,7,6,5873007,+19.423
2022,1,Bahrain Grand Prix,2022-03-20,bahrain,Sakhir,Bahrain,tsunoda,Yuki Tsunoda,alphatauri,16,57,Finished,8,4,5873970,+20.386
2022,1,Bahrain Grand Prix,2022-03-20,bahrain,Sakhir,Bahrain,alonso,Fernando Alonso,alpine,8,57,Finished,9,2,5875974,+22.390
2022,1,Bahrain Grand Prix,2022-03-20,bahrain,Sakhir,Bahrain,zhou,Guanyu Zhou,alfa,15,57,Finished,10,1,5876648,+23.064
2022,1,Bahrain Grand Prix,2022-03-20,bahrain,Sakhir,Bahrain,mick_schumacher,Mick Schumacher,haas,12,57,Finished,11,0,5886158,+32.574
2022,1,Bahrain Grand Prix,2022-03-20,bahrain,Sakhir,Bahrain,stroll,Lance Stroll,aston_martin,19,57,Finished,12,0,5899457,+45.873
2022,1,Bahrain Grand Prix,2022-03-20,bahrain,Sakhir,Bahrain,albon,Alexander Albon,williams,14,57,Finished,13,0,5907516,+53.932
2022,1,Bahrain Grand Prix,2022-03-20,bahrain,Sakhir,Bahrain,ricciardo,Daniel Ricciardo,mclaren,18,57,Finished,14,0,5908559,+54.975
2022,1,Bahrain Grand Prix,2022-03-20,bahrain,Sakhir,Bahrain,norris,Lando Norris,mclaren,13,57,Finished,15,0,5909919,+56.335
2022,1,Bahrain Grand Prix,2022-03-20,bahrain,Sakhir,Bahrain,latifi,Nicholas Latifi,williams,20,57,Finished,16,0,5915379,+1:01.795
2022,1,Bahrain Grand Prix,2022-03-20,bahrain,Sakhir,Bahrain,hulkenberg,Nico Hülkenberg,aston_martin,17,57,Finished,17,0,5917413,+1:03.829
2022,1,Bahrain Grand Prix,2022-03-20,bahrain,Sakhir,Bahrain,perez,Sergio Pérez,red_bull,4,56,Fuel pressure,18,0,N/A,N/A
2022,1,Bahrain Grand Prix,2022-03-20,bahrain,Sakhir,Bahrain,max_verstappen,Max Verstappen,red_bull,2,54,Fuel pressure,19,0,N/A,N/A
2022,1,Bahrain Grand Prix,2022-03-20,bahrain,Sakhir,Bahrain,gasly,Pierre Gasly,alphatauri,10,44,Power Unit,20,0,N/A,N/A
2022,2,Saudi Arabian Grand Prix,2022-03-27,jeddah,Jeddah,Saudi Arabia,max_verstappen,Max Verstappen,red_bull,4,50,Finished,1,25,5059293,1:24:19.293
2022,2,Saudi Arabian Grand Prix,2022-03-27,jeddah,Jeddah,Saudi Arabia,leclerc,Charles Leclerc,ferrari,2,50,Finished,2,19,5059842,+0.549
2022,2,Saudi Arabian Grand Prix,2022-03-27,jeddah,Jeddah,Saudi Arabia,sainz,Carlos Sainz,ferrari,3,50,Finished,3,15,5067390,+8.097
2022,2,Saudi Arabian Grand Prix,2022-03-27,jeddah,Jeddah,Saudi Arabia,perez,Sergio Pérez,red_bull,1,50,Finished,4,12,5070093,+10.800
2022,2,Saudi Arabian Grand Prix,2022-03-27,jeddah,Jeddah,Saudi Arabia,russell,George Russell,mercedes,6,50,Finished,5,10,5092025,+32.732
2022,2,Saudi Arabian Grand Prix,2022-03-27,jeddah,Jeddah,Saudi Arabia,ocon,Esteban Ocon,alpine,5,50,Finished,6,8,5115310,+56.017
2022,2,Saudi Arabian Grand Prix,2022-03-27,jeddah,Jeddah,Saudi Arabia,norris,Lando Norris,mclaren,11,50,Finished,7,6,5115417,+56.124
2022,2,Saudi Arabian Grand Prix,2022-03-27,jeddah,Jeddah,Saudi Arabia,gasly,Pierre Gasly,alphatauri,9,50,Finished,8,4,5122239,+1:02.946
2022,2,Saudi Arabian Grand Prix,2022-03-27,jeddah,Jeddah,Saudi Arabia,kevin_magnussen,Kevin Magnussen,haas,10,50,Finished,9,2,5123601,+1:04.308
2022,2,Saudi Arabian Grand Prix,2022-03-27,jeddah,Jeddah,Saudi Arabia,hamilton,Lewis Hamilton,mercedes,15,50,Finished,10,1,5133241,+1:13.948
2023,1,Bahrain Grand Prix,2023-03-05,bahrain,Sakhir,Bahrain,max_verstappen,Max Verstappen,red_bull,1,57,Finished,1,25,5636736,1:33:56.736
2023,1,Bahrain Grand Prix,2023-03-05,bahrain,Sakhir,Bahrain,perez,Sergio Pérez,red_bull,2,57,Finished,2,18,5648723,+11.987
2023,1,Bahrain Grand Prix,2023-03-05,bahrain,Sakhir,Bahrain,alonso,Fernando Alonso,aston_martin,5,57,Finished,3,15,5675373,+38.637
2023,1,Bahrain Grand Prix,2023-03-05,bahrain,Sakhir,Bahrain,sainz,Carlos Sainz,ferrari,4,57,Finished,4,12,5684788,+48.052
2023,1,Bahrain Grand Prix,2023-03-05,bahrain,Sakhir,Bahrain,hamilton,Lewis Hamilton,mercedes,7,57,Finished,5,10,5687713,+50.977
2023,1,Bahrain Grand Prix,2023-03-05,bahrain,Sakhir,Bahrain,stroll,Lance Stroll,aston_martin,8,57,Finished,6,8,5691238,+54.502
2023,1,Bahrain Grand Prix,2023-03-05,bahrain,Sakhir,Bahrain,russell,George Russell,mercedes,6,57,Finished,7,6,5692609,+55.873
2023,1,Bahrain Grand Prix,2023-03-05,bahrain,Sakhir,Bahrain,bottas,Valtteri Bottas,alfa,12,57,Finished,8,4,5709383,+1:12.647
2023,1,Bahrain Grand Prix,2023-03-05,bahrain,Sakhir,Bahrain,gasly,Pierre Gasly,alpine,20,57,Finished,9,2,5710489,+1:13.753
2023,1,Bahrain Grand Prix,2023-03-05,bahrain,Sakhir,Bahrain,albon,Alexander Albon,williams,15,57,Finished,10,1,5726510,+1:29.774
2023,1,Bahrain Grand Prix,2023-03-05,bahrain,Sakhir,Bahrain,tsunoda,Yuki Tsunoda,alphatauri,14,57,Finished,11,0,5727606,+1:30.870
2023,1,Bahrain Grand Prix,2023-03-05,bahrain,Sakhir,Bahrain,sargeant,Logan Sargeant,williams,16,56,+1 Lap,12,0,N/A,N/A
2023,1,Bahrain Grand Prix,2023-03-05,bahrain,Sakhir,Bahrain,kevin_magnussen,Kevin Magnussen,haas,17,56,+1 Lap,13,0,N/A,N/A
2023,1,Bahrain Grand Prix,2023-03-05,bahrain,Sakhir,Bahrain,de_vries,Nyck de Vries,alphatauri,19,56,+1 Lap,14,0,N/A,N/A
2023,1,Bahrain Grand Prix,2023-03-05,bahrain,Sakhir,Bahrain,hulkenberg,Nico Hülkenberg,haas,10,56,+1 Lap,15,0,N/A,N/A
2023,1,Bahrain Grand Prix,2023-03-05,bahrain,Sakhir,Bahrain,zhou,Guanyu Zhou,alfa,13,56,+1 Lap,16,0,N/A,N/A
2023,1,Bahrain Grand Prix,2023-03-05,bahrain,Sakhir,Bahrain,norris,Lando Norris,mclaren,11,55,+2 Laps,17,0,N/A,N/A
2023,1,Bahrain Grand Prix,2023-03-05,bahrain,Sakhir,Bahrain,ocon,Esteban Ocon,alpine,9,41,Mechanical,18,0,N/A,N/A
2023,1,Bahrain Grand Prix,2023-03-05,bahrain,Sakhir,Bahrain,leclerc,Charles Leclerc,ferrari,3,39,Engine,19,0,N/A,N/A
2023,1,Bahrain Grand Prix,2023-03-05,bahrain,Sakhir,Bahrain,piastri,Oscar Piastri,mclaren,18,13,Electrical,20,0,N/A,N/A
2023,2,Saudi Arabian Grand Prix,2023-03-19,jeddah,Jeddah,Saudi Arabia,perez,Sergio Pérez,red_bull,1,50,Finished,1,25,4874894,1:21:14.894
2023,2,Saudi Arabian Grand Prix,2023-03-19,jeddah,Jeddah,Saudi Arabia,max_verstappen,Max Verstappen,red_bull,15,50,Finished,2,19,4880249,+5.355
2023,2,Saudi Arabian Grand Prix,2023-03-19,jeddah,Jeddah,Saudi Arabia,alonso,Fernando Alonso,aston_martin,2,50,Finished,3,15,4895622,+20.728
2023,2,Saudi Arabian Grand Prix,2023-03-19,jeddah,Jeddah,Saudi Arabia,russell,George Russell,mercedes,3,50,Finished,4,12,4900760,+25.866
2023,2,Saudi Arabian Grand Prix,2023-03-19,jeddah,Jeddah,Saudi Arabia,hamilton,Lewis Hamilton,mercedes,7,50,Finished,5,10,4905959,+31.065
2023,2,Saudi Arabian Grand Prix,2023-03-19,jeddah,Jeddah,Saudi Arabia,sainz,Carlos Sainz,ferrari,4,50,Finished,6,8,4910770,+35.876
2023,2,Saudi Arabian Grand Prix,2023-03-19,jeddah,Jeddah,Saudi Arabia,leclerc,Charles Leclerc,ferrari,12,50,Finished,7,6,4918056,+43.162
2023,2,Saudi Arabian Grand Prix,2023-03-19,jeddah,Jeddah,Saudi Arabia,ocon,Esteban Ocon,alpine,6,50,Finished,8,4,4927726,+52.832
2023,2,Saudi Arabian Grand Prix,2023-03-19,jeddah,Jeddah,Saudi Arabia,gasly,Pierre Gasly,alpine,9,50,Finished,9,2,4929641,+54.747
2023,2,Saudi Arabian Grand Prix,2023-03-19,jeddah,Jeddah,Saudi Arabia,kevin_magnussen,Kevin Magnussen,haas,13,50,Finished,10,1,4939720,+1:04.826
2024,1,Bahrain Grand Prix,2024-03-02,bahrain,Sakhir,Bahrain,max_verstappen,Max Verstappen,red_bull,1,57,Finished,1,26,5504742,1:31:44.742
2024,1,Bahrain Grand Prix,2024-03-02,bahrain,Sakhir,Bahrain,perez,Sergio Pérez,red_bull,5,57,Finished,2,18,5527199,+22.457
2024,1,Bahrain Grand Prix,2024-03-02,bahrain,Sakhir,Bahrain,sainz,Carlos Sainz,ferrari,4,57,Finished,3,15,5529852,+25.110
2024,1,Bahrain Grand Prix,2024-03-02,bahrain,Sakhir,Bahrain,leclerc,Charles Leclerc,ferrari,2,57,Finished,4,12,5544411,+39.669
2024,1,Bahrain Grand Prix,2024-03-02,bahrain,Sakhir,Bahrain,russell,George Russell,mercedes,3,57,Finished,5,10,5551530,+46.788
2024,1,Bahrain Grand Prix,2024-03-02,bahrain,Sakhir,Bahrain,norris,Lando Norris,mclaren,7,57,Finished,6,8,5553200,+48.458
2024,1,Bahrain Grand Prix,2024-03-02,bahrain,Sakhir,Bahrain,hamilton,Lewis Hamilton,mercedes,9,57,Finished,7,6,5555066,+50.324
2024,1,Bahrain Grand Prix,2024-03-02,bahrain,Sakhir,Bahrain,piastri,Oscar Piastri,mclaren,8,57,Finished,8,4,5560824,+56.082
2024,1,Bahrain Grand Prix,2024-03-02,bahrain,Sakhir,Bahrain,alonso,Fernando Alonso,aston_martin,6,57,Finished,9,2,5579629,+1:14.887
2024,1,Bahrain Grand Prix,2024-03-02,bahrain,Sakhir,Bahrain,stroll,Lance Stroll,aston_martin,12,57,Finished,10,1,5597958,+1:33.216
2024,1,Bahrain Grand Prix,2024-03-02,bahrain,Sakhir,Bahrain,zhou,Guanyu Zhou,sauber,17,56,+1 Lap,11,0,N/A,N/A
2024,1,Bahrain Grand Prix,2024-03-02,bahrain,Sakhir,Bahrain,kevin_magnussen,Kevin Magnussen,haas,15,56,+1 Lap,12,0,N/A,N/A
2024,1,Bahrain Grand Prix,2024-03-02,bahrain,Sakhir,Bahrain,ricciardo,Daniel Ricciardo,rb,14,56,+1 Lap,13,0,N/A,N/A
2024,1,Bahrain Grand Prix,2024-03-02,bahrain,Sakhir,Bahrain,tsunoda,Yuki Tsunoda,rb,11,56,+1 Lap,14,0,N/A,N/A
2024,1,Bahrain Grand Prix,2024-03-02,bahrain,Sakhir,Bahrain,albon,Alexander Albon,williams,13,56,+1 Lap,15,0,N/A,N/A
2024,1,Bahrain Grand Prix,2024-03-02,bahrain,Sakhir,Bahrain,hulkenberg,Nico Hülkenberg,haas,10,56,+1 Lap,16,0,N/A,N/A
2024,1,Bahrain Grand Prix,2024-03-02,bahrain,Sakhir,Bahrain,ocon,Esteban Ocon,alpine,19,56,+1 Lap,17,0,N/A,N/A
2024,1,Bahrain Grand Prix,2024-03-02,bahrain,Sakhir,Bahrain,gasly,Pierre Gasly,alpine,20,56,+1 Lap,18,0,N/A,N/A
2024,1,Bahrain Grand Prix,2024-03-02,bahrain,Sakhir,Bahrain,bottas,Valtteri Bottas,sauber,16,56,+1 Lap,19,0,N/A,N/A
2024,1,Bahrain Grand Prix,2024-03-02,bahrain,Sakhir,Bahrain,sargeant,Logan Sargeant,williams,18,55,+2 Laps,20,0,N/A,N/A
2024,2,Saudi Arabian Grand Prix,2024-03-09,jeddah,Jeddah,Saudi Arabia,max_verstappen,Max Verstappen,red_bull,1,50,Finished,1,25,4843273,1:20:43.273
2024,2,Saudi Arabian Grand Prix,2024-03-09,jeddah,Jeddah,Saudi Arabia,perez,Sergio Pérez,red_bull,3,50,Finished,2,18,4862704,+13.6431
2024,2,Saudi Arabian Grand Prix,2024-03-09,jeddah,Jeddah,Saudi Arabia,leclerc,Charles Leclerc,ferrari,2,50,Finished,3,16,4861912,+18.639
2024,2,Saudi Arabian Grand Prix,2024-03-09,jeddah,Jeddah,Saudi Arabia,piastri,Oscar Piastri,mclaren,5,50,Finished,4,12,4875280,+32.007
2024,2,Saudi Arabian Grand Prix,2024-03-09,jeddah,Jeddah,Saudi Arabia,alonso,Fernando Alonso,aston_martin,4,50,Finished,5,10,4879032,+35.759
2024,2,Saudi Arabian Grand Prix,2024-03-09,jeddah,Jeddah,Saudi Arabia,russell,George Russell,mercedes,7,50,Finished,6,8,4883209,+39.936
2024,2,Saudi Arabian Grand Prix,2024-03-09,jeddah,Jeddah,Saudi Arabia,bearman,Oliver Bearman,ferrari,11,50,Finished,7,6,4885952,+42.679
2024,2,Saudi Arabian Grand Prix,2024-03-09,jeddah,Jeddah,Saudi Arabia,norris,Lando Norris,mclaren,6,50,Finished,8,4,4888981,+45.708
2024,2,Saudi Arabian Grand Prix,2024-03-09,jeddah,Jeddah,Saudi Arabia,hamilton,Lewis Hamilton,mercedes,8,50,Finished,9,2,4890664,+47.391
2024,2,Saudi Arabian Grand Prix,2024-03-09,jeddah,Jeddah,Saudi Arabia,hulkenberg,Nico Hülkenberg,haas,15,50,Finished,10,1,4920269,+1:16.996
